ID,PCP_PC,PCP_NC,PCP_NE,PCP_PO,PCP_NP,PCP_AL,PCP_CY,PCP_AR,PCP_AC,PCP_BS,PCP_NE_pH,PCP_HB,PCP_HL,PCP_SC,PCP_SM
Seq_1,0.125,0.25,0.625,0.125,0.5,0.25,0.0,0.25,0.25,0.125,0.625,0.625,0.125,0.125,0.375
Seq_2,0.125,0.125,0.75,0.125,0.625,0.625,0.0,0.125,0.125,0.125,0.75,0.625,0.125,0.0,0.25
Seq_3,0.0,0.125,0.875,0.375,0.5,0.125,0.0,0.25,0.125,0.0,0.875,0.75,0.0,0.125,0.25
Seq_4,0.0,0.375,0.625,0.0,0.625,0.5,0.0,0.125,0.375,0.0,0.625,0.625,0.0,0.0,0.25
Seq_5,0.0,0.375,0.625,0.0,0.625,0.375,0.25,0.25,0.375,0.0,0.625,0.625,0.25,0.0,0.25
Seq_6,0.0,0.125,0.875,0.125,0.75,0.625,0.125,0.125,0.125,0.0,0.875,0.75,0.125,0.0,0.625
Seq_7,0.0,0.25,0.75,0.375,0.375,0.375,0.0,0.0,0.25,0.0,0.75,0.75,0.0,0.125,0.75
Seq_8,0.125,0.0,0.875,0.375,0.5,0.5,0.0,0.125,0.0,0.125,0.875,0.375,0.125,0.0,0.75
Seq_9,0.125,0.25,0.625,0.125,0.375,0.25,0.0,0.125,0.25,0.125,0.625,0.5,0.25,0.0,0.5
Seq_10,0.0,0.5,0.5,0.0,0.5,0.25,0.0,0.25,0.5,0.0,0.5,0.5,0.0,0.0,0.5
Seq_11,0.0,0.125,0.875,0.25,0.625,0.375,0.0,0.125,0.125,0.0,0.875,0.5,0.0,0.125,0.5
Seq_12,0.0,0.125,0.875,0.25,0.625,0.625,0.25,0.0,0.125,0.0,0.875,0.875,0.25,0.0,0.625
Seq_13,0.0,0.25,0.75,0.25,0.5,0.5,0.0,0.0,0.25,0.0,0.75,0.625,0.0,0.125,0.25
Seq_14,0.0,0.0,1.0,0.375,0.5,0.375,0.0,0.25,0.0,0.0,1.0,0.625,0.125,0.0,0.5
Seq_15,0.125,0.0,0.875,0.375,0.5,0.375,0.125,0.125,0.0,0.125,0.875,0.625,0.25,0.0,0.25
Seq_16,0.125,0.125,0.75,0.125,0.625,0.625,0.0,0.0,0.125,0.125,0.75,0.5,0.125,0.0,0.5
Seq_17,0.25,0.25,0.5,0.0,0.5,0.25,0.0,0.25,0.25,0.25,0.5,0.5,0.25,0.0,0.375
Seq_18,0.0,0.25,0.75,0.25,0.5,0.125,0.0,0.25,0.25,0.0,0.75,0.5,0.0,0.25,0.125
Seq_19,0.0,0.25,0.75,0.25,0.375,0.25,0.0,0.25,0.25,0.0,0.75,0.25,0.125,0.0,0.375
Seq_20,0.0,0.125,0.875,0.125,0.625,0.5,0.125,0.125,0.125,0.0,0.875,0.5,0.25,0.0,0.625
Seq_21,0.0,0.375,0.625,0.0,0.625,0.5,0.125,0.125,0.375,0.0,0.625,0.375,0.125,0.0,0.375
Seq_22,0.0,0.625,0.375,0.0,0.375,0.375,0.0,0.0,0.625,0.0,0.375,0.375,0.0,0.0,0.375
Seq_23,0.0,0.375,0.625,0.25,0.375,0.25,0.0,0.0,0.375,0.0,0.625,0.5,0.0,0.125,0.5
Seq_24,0.125,0.25,0.625,0.0,0.5,0.5,0.0,0.0,0.25,0.125,0.625,0.375,0.25,0.0,0.5
Seq_25,0.125,0.125,0.75,0.0,0.75,0.5,0.0,0.0,0.125,0.125,0.75,0.75,0.125,0.25,0.375
Seq_26,0.125,0.125,0.75,0.0,0.75,0.625,0.0,0.0,0.125,0.125,0.75,0.75,0.125,0.125,0.375
Seq_27,0.125,0.125,0.75,0.0,0.75,0.5,0.0,0.125,0.125,0.125,0.75,0.75,0.125,0.125,0.375
Seq_28,0.125,0.125,0.75,0.0,0.75,0.625,0.0,0.0,0.125,0.125,0.75,0.75,0.125,0.125,0.375
Seq_29,0.125,0.125,0.75,0.0,0.75,0.625,0.0,0.0,0.125,0.125,0.75,0.75,0.125,0.125,0.5
Seq_30,0.0,0.125,0.875,0.0,0.875,0.625,0.0,0.125,0.125,0.0,0.875,0.875,0.0,0.125,0.5
Seq_31,0.125,0.125,0.75,0.0,0.625,0.5,0.0,0.0,0.125,0.125,0.75,0.625,0.25,0.125,0.5
Seq_32,0.125,0.125,0.75,0.0,0.75,0.5,0.0,0.125,0.125,0.125,0.75,0.75,0.125,0.125,0.5
Seq_33,0.125,0.25,0.625,0.0,0.625,0.625,0.0,0.0,0.25,0.125,0.625,0.625,0.125,0.0,0.5
Seq_34,0.125,0.125,0.75,0.0,0.75,0.625,0.125,0.0,0.125,0.125,0.75,0.75,0.25,0.125,0.5
Seq_35,0.125,0.125,0.75,0.0,0.75,0.75,0.0,0.0,0.125,0.125,0.75,0.75,0.125,0.0,0.625
Seq_36,0.0,0.125,0.875,0.0,0.875,0.75,0.0,0.0,0.125,0.0,0.875,0.875,0.0,0.125,0.625
Seq_37,0.125,0.125,0.75,0.0,0.75,0.625,0.0,0.0,0.125,0.125,0.75,0.75,0.125,0.125,0.625
Seq_38,0.25,0.125,0.625,0.0,0.625,0.625,0.0,0.0,0.125,0.25,0.625,0.625,0.25,0.0,0.5
Seq_39,0.25,0.125,0.625,0.0,0.625,0.625,0.0,0.0,0.125,0.25,0.625,0.625,0.25,0.0,0.5
Seq_40,0.125,0.0,0.875,0.0,0.875,0.75,0.0,0.0,0.0,0.125,0.875,0.875,0.125,0.125,0.625
Seq_41,0.125,0.125,0.75,0.0,0.75,0.625,0.0,0.0,0.125,0.125,0.75,0.75,0.125,0.125,0.5
Seq_42,0.125,0.125,0.75,0.0,0.625,0.5,0.0,0.0,0.125,0.125,0.75,0.625,0.25,0.125,0.625
Seq_43,0.125,0.125,0.75,0.0,0.75,0.625,0.0,0.0,0.125,0.125,0.75,0.75,0.125,0.125,0.5
Seq_44,0.125,0.125,0.75,0.125,0.625,0.5,0.0,0.125,0.125,0.125,0.75,0.625,0.125,0.125,0.5
Seq_45,0.125,0.125,0.75,0.0,0.75,0.625,0.0,0.0,0.125,0.125,0.75,0.625,0.125,0.125,0.5
Seq_46,0.0,0.125,0.875,0.125,0.75,0.625,0.0,0.0,0.125,0.0,0.875,0.875,0.0,0.125,0.625
Seq_47,0.125,0.125,0.75,0.0,0.75,0.75,0.0,0.0,0.125,0.125,0.75,0.625,0.125,0.0,0.625
Seq_48,0.0,0.125,0.875,0.0,0.875,0.75,0.0,0.0,0.125,0.0,0.875,0.75,0.0,0.125,0.625
Seq_49,0.125,0.125,0.75,0.0,0.75,0.5,0.0,0.125,0.125,0.125,0.75,0.75,0.125,0.125,0.375
Seq_50,0.125,0.125,0.75,0.0,0.75,0.5,0.0,0.0,0.125,0.125,0.75,0.75,0.125,0.25,0.375
Seq_51,0.25,0.125,0.625,0.0,0.625,0.5,0.0,0.0,0.125,0.25,0.625,0.625,0.25,0.125,0.375
Seq_52,0.125,0.125,0.75,0.0,0.75,0.75,0.125,0.0,0.125,0.125,0.75,0.75,0.25,0.0,0.625
Seq_53,0.125,0.125,0.75,0.0,0.75,0.625,0.0,0.0,0.125,0.125,0.75,0.75,0.125,0.125,0.5
Seq_54,0.125,0.125,0.75,0.0,0.75,0.5,0.0,0.0,0.125,0.125,0.75,0.75,0.125,0.25,0.5
Seq_55,0.25,0.125,0.625,0.0,0.625,0.5,0.0,0.0,0.125,0.25,0.625,0.625,0.25,0.125,0.375
Seq_56,0.125,0.25,0.625,0.0,0.625,0.5,0.0,0.0,0.25,0.125,0.625,0.625,0.125,0.125,0.375
Seq_57,0.125,0.125,0.75,0.0,0.75,0.625,0.0,0.0,0.125,0.125,0.75,0.75,0.125,0.125,0.375
Seq_58,0.125,0.0,0.875,0.0,0.875,0.75,0.0,0.0,0.0,0.125,0.875,0.875,0.125,0.125,0.5
Seq_59,0.125,0.125,0.75,0.0,0.75,0.625,0.0,0.0,0.125,0.125,0.75,0.625,0.125,0.125,0.5
Seq_60,0.125,0.125,0.75,0.125,0.625,0.5,0.0,0.0,0.125,0.125,0.75,0.625,0.125,0.125,0.5
Seq_61,0.25,0.125,0.625,0.0,0.625,0.5,0.0,0.0,0.125,0.25,0.625,0.625,0.25,0.125,0.375
Seq_62,0.125,0.25,0.625,0.0,0.625,0.5,0.0,0.0,0.25,0.125,0.625,0.625,0.125,0.125,0.375
Seq_63,0.125,0.125,0.75,0.0,0.75,0.625,0.0,0.0,0.125,0.125,0.75,0.625,0.125,0.125,0.5
Seq_64,0.125,0.0,0.875,0.25,0.625,0.5,0.0,0.0,0.0,0.125,0.875,0.75,0.125,0.125,0.625
Seq_65,0.0,0.0,1.0,0.375,0.625,0.5,0.125,0.0,0.0,0.0,1.0,0.75,0.125,0.125,0.75
Seq_66,0.125,0.0,0.875,0.25,0.625,0.5,0.125,0.0,0.0,0.125,0.875,0.75,0.25,0.125,0.625
Seq_67,0.0,0.0,1.0,0.125,0.875,0.625,0.125,0.125,0.0,0.0,1.0,1.0,0.125,0.125,0.625
Seq_68,0.0,0.125,0.875,0.25,0.625,0.5,0.125,0.0,0.125,0.0,0.875,0.75,0.125,0.125,0.75
Seq_69,0.125,0.0,0.875,0.25,0.625,0.5,0.125,0.0,0.0,0.125,0.875,0.75,0.25,0.125,0.625
Seq_70,0.0,0.0,1.0,0.125,0.875,0.75,0.125,0.0,0.0,0.0,1.0,1.0,0.125,0.125,0.75
Seq_71,0.0,0.0,1.0,0.25,0.625,0.625,0.125,0.0,0.0,0.0,1.0,0.75,0.25,0.0,0.875
Seq_72,0.0,0.0,1.0,0.25,0.75,0.625,0.25,0.0,0.0,0.0,1.0,0.875,0.25,0.125,0.75
Seq_73,0.0,0.0,1.0,0.25,0.75,0.625,0.125,0.0,0.0,0.0,1.0,0.875,0.125,0.125,0.625
Seq_74,0.0,0.0,1.0,0.25,0.75,0.5,0.0,0.125,0.0,0.0,1.0,0.875,0.0,0.125,0.625
Seq_75,0.0,0.0,1.0,0.125,0.875,0.75,0.125,0.0,0.0,0.0,1.0,0.875,0.125,0.125,0.75
Seq_76,0.0,0.0,1.0,0.25,0.75,0.625,0.0,0.0,0.0,0.0,1.0,0.75,0.0,0.125,0.75
Seq_77,0.0,0.125,0.875,0.25,0.625,0.5,0.125,0.0,0.125,0.0,0.875,0.75,0.125,0.125,0.75
Seq_78,0.0,0.0,1.0,0.25,0.75,0.5,0.125,0.125,0.0,0.0,1.0,0.875,0.125,0.125,0.75
Seq_79,0.0,0.0,1.0,0.25,0.625,0.5,0.0,0.0,0.0,0.0,1.0,0.75,0.125,0.125,0.75
Seq_80,0.0,0.0,1.0,0.25,0.625,0.5,0.125,0.0,0.0,0.0,1.0,0.75,0.25,0.125,0.75
Seq_81,0.0,0.0,1.0,0.25,0.75,0.625,0.125,0.0,0.0,0.0,1.0,0.75,0.125,0.125,0.875
Seq_82,0.0,0.0,1.0,0.25,0.75,0.75,0.125,0.0,0.0,0.0,1.0,0.875,0.125,0.0,0.75
Seq_83,0.0,0.125,0.875,0.125,0.75,0.625,0.125,0.0,0.125,0.0,0.875,0.875,0.125,0.125,0.625
Seq_84,0.125,0.0,0.875,0.125,0.75,0.625,0.125,0.0,0.0,0.125,0.875,0.875,0.25,0.125,0.625
Seq_85,0.0,0.0,1.0,0.25,0.75,0.5,0.125,0.125,0.0,0.0,1.0,0.875,0.125,0.125,0.625
Seq_86,0.0,0.0,1.0,0.25,0.75,0.625,0.125,0.0,0.0,0.0,1.0,0.75,0.125,0.125,0.75
Seq_87,0.0,0.0,1.0,0.375,0.625,0.5,0.125,0.0,0.0,0.0,1.0,0.75,0.125,0.125,0.75
Seq_88,0.0,0.0,1.0,0.25,0.75,0.625,0.125,0.0,0.0,0.0,1.0,0.75,0.125,0.125,0.75
Seq_89,0.0,0.0,1.0,0.25,0.75,0.625,0.125,0.0,0.0,0.0,1.0,0.75,0.125,0.125,0.75
Seq_90,0.125,0.0,0.875,0.25,0.625,0.5,0.125,0.0,0.0,0.125,0.875,0.75,0.25,0.125,0.625
Seq_91,0.125,0.0,0.875,0.25,0.625,0.5,0.125,0.0,0.0,0.125,0.875,0.75,0.25,0.125,0.75
Seq_92,0.125,0.0,0.875,0.125,0.75,0.625,0.125,0.0,0.0,0.125,0.875,0.875,0.25,0.125,0.625
Seq_93,0.0,0.0,1.0,0.25,0.75,0.625,0.125,0.0,0.0,0.0,1.0,0.875,0.125,0.125,0.625
Seq_94,0.0,0.0,1.0,0.25,0.75,0.625,0.0,0.0,0.0,0.0,1.0,0.875,0.0,0.125,0.625
Seq_95,0.0,0.0,1.0,0.375,0.625,0.625,0.125,0.125,0.0,0.0,1.0,0.75,0.125,0.0,0.75
Seq_96,0.0,0.0,1.0,0.375,0.625,0.5,0.125,0.0,0.0,0.0,1.0,0.75,0.125,0.125,0.75
Seq_97,0.0,0.0,1.0,0.125,0.875,0.75,0.125,0.0,0.0,0.0,1.0,1.0,0.125,0.125,0.625
Seq_98,0.0,0.0,1.0,0.125,0.875,0.625,0.0,0.125,0.0,0.0,1.0,0.875,0.0,0.125,0.625
Seq_99,0.0,0.0,1.0,0.125,0.875,0.625,0.125,0.125,0.0,0.0,1.0,1.0,0.125,0.125,0.75
Seq_100,0.125,0.0,0.875,0.25,0.625,0.375,0.125,0.125,0.0,0.125,0.875,0.75,0.25,0.125,0.625
Seq_101,0.0,0.0,1.0,0.125,0.875,0.5,0.125,0.25,0.0,0.0,1.0,1.0,0.125,0.125,0.625
Seq_102,0.125,0.0,0.875,0.25,0.625,0.5,0.125,0.0,0.0,0.125,0.875,0.75,0.25,0.125,0.625
Seq_103,0.0,0.0,1.0,0.25,0.75,0.625,0.125,0.0,0.0,0.0,1.0,0.875,0.125,0.125,0.875
Seq_104,0.0,0.0,1.0,0.125,0.875,0.625,0.125,0.125,0.0,0.0,1.0,0.875,0.125,0.125,0.625
Seq_105,0.0,0.0,1.0,0.125,0.875,0.625,0.125,0.125,0.0,0.0,1.0,0.875,0.125,0.125,0.75
Seq_106,0.0,0.0,1.0,0.125,0.875,0.75,0.125,0.0,0.0,0.0,1.0,1.0,0.125,0.125,0.75
Seq_107,0.0,0.0,1.0,0.25,0.75,0.625,0.125,0.0,0.0,0.0,1.0,0.875,0.125,0.125,0.875
Seq_108,0.0,0.0,1.0,0.25,0.75,0.625,0.125,0.0,0.0,0.0,1.0,0.875,0.125,0.125,0.75
Seq_109,0.125,0.0,0.875,0.25,0.625,0.5,0.125,0.0,0.0,0.125,0.875,0.625,0.25,0.125,0.625
Seq_110,0.0,0.0,1.0,0.25,0.75,0.5,0.125,0.125,0.0,0.0,1.0,0.875,0.125,0.125,0.625
Seq_111,0.125,0.0,0.875,0.25,0.625,0.5,0.125,0.0,0.0,0.125,0.875,0.75,0.25,0.125,0.625
Seq_112,0.0,0.0,1.0,0.25,0.75,0.5,0.125,0.125,0.0,0.0,1.0,0.875,0.125,0.125,0.75
Seq_113,0.0,0.0,1.0,0.125,0.875,0.75,0.125,0.0,0.0,0.0,1.0,1.0,0.125,0.125,0.625
Seq_114,0.0,0.0,1.0,0.25,0.75,0.625,0.125,0.0,0.0,0.0,1.0,0.75,0.125,0.125,0.625
Seq_115,0.0,0.0,1.0,0.25,0.75,0.5,0.125,0.125,0.0,0.0,1.0,0.75,0.125,0.125,0.75
Seq_116,0.0,0.0,1.0,0.125,0.875,0.625,0.125,0.125,0.0,0.0,1.0,1.0,0.125,0.125,0.75
Seq_117,0.125,0.0,0.875,0.125,0.75,0.625,0.125,0.0,0.0,0.125,0.875,0.875,0.25,0.125,0.625
Seq_118,0.0,0.0,1.0,0.25,0.75,0.5,0.125,0.125,0.0,0.0,1.0,0.875,0.125,0.125,0.625
Seq_119,0.25,0.0,0.75,0.25,0.5,0.375,0.125,0.0,0.0,0.25,0.75,0.625,0.375,0.125,0.5
Seq_120,0.0,0.0,1.0,0.125,0.875,0.625,0.125,0.125,0.0,0.0,1.0,1.0,0.125,0.125,0.625
Seq_121,0.125,0.0,0.875,0.125,0.75,0.625,0.125,0.0,0.0,0.125,0.875,0.75,0.25,0.125,0.625
Seq_122,0.125,0.0,0.875,0.25,0.625,0.5,0.125,0.0,0.0,0.125,0.875,0.75,0.25,0.125,0.5
Seq_123,0.0,0.0,1.0,0.375,0.625,0.5,0.125,0.0,0.0,0.0,1.0,0.875,0.125,0.125,0.75
Seq_124,0.0,0.0,1.0,0.125,0.875,0.625,0.125,0.125,0.0,0.0,1.0,1.0,0.125,0.125,0.625
Seq_125,0.125,0.0,0.875,0.125,0.75,0.5,0.125,0.125,0.0,0.125,0.875,0.875,0.25,0.125,0.5
Seq_126,0.0,0.0,1.0,0.25,0.75,0.5,0.125,0.125,0.0,0.0,1.0,0.875,0.125,0.125,0.625
Seq_127,0.0,0.0,1.0,0.25,0.75,0.5,0.125,0.125,0.0,0.0,1.0,1.0,0.125,0.125,0.625
Seq_128,0.0,0.0,1.0,0.125,0.875,0.75,0.125,0.0,0.0,0.0,1.0,1.0,0.125,0.125,0.75
Seq_129,0.0,0.0,1.0,0.125,0.875,0.625,0.125,0.125,0.0,0.0,1.0,1.0,0.125,0.125,0.625
Seq_130,0.0,0.0,1.0,0.125,0.875,0.75,0.125,0.0,0.0,0.0,1.0,0.875,0.125,0.125,0.75
Seq_131,0.0,0.0,1.0,0.375,0.625,0.5,0.125,0.0,0.0,0.0,1.0,0.75,0.125,0.125,0.75
Seq_132,0.0,0.0,1.0,0.125,0.875,0.625,0.125,0.125,0.0,0.0,1.0,0.875,0.125,0.125,0.625
Seq_133,0.125,0.0,0.875,0.125,0.75,0.625,0.125,0.0,0.0,0.125,0.875,0.875,0.25,0.125,0.5
Seq_134,0.0,0.0,1.0,0.125,0.875,0.625,0.125,0.125,0.0,0.0,1.0,1.0,0.125,0.125,0.5
Seq_135,0.125,0.0,0.875,0.125,0.75,0.5,0.125,0.125,0.0,0.125,0.875,0.875,0.25,0.125,0.5
Seq_136,0.125,0.0,0.875,0.125,0.75,0.5,0.125,0.125,0.0,0.125,0.875,0.875,0.25,0.125,0.5
Seq_137,0.125,0.0,0.875,0.375,0.375,0.375,0.125,0.125,0.0,0.125,0.875,0.375,0.375,0.0,0.375
Seq_138,0.0,0.0,1.0,0.5,0.375,0.375,0.125,0.125,0.0,0.0,1.0,0.5,0.25,0.0,0.5
Seq_139,0.0,0.125,0.875,0.375,0.375,0.375,0.125,0.125,0.125,0.0,0.875,0.375,0.25,0.0,0.5
Seq_140,0.0,0.0,1.0,0.375,0.375,0.375,0.125,0.125,0.0,0.0,1.0,0.375,0.375,0.0,0.5
Seq_141,0.0,0.0,1.0,0.375,0.5,0.5,0.125,0.125,0.0,0.0,1.0,0.375,0.25,0.0,0.5
Seq_142,0.0,0.0,1.0,0.375,0.5,0.5,0.125,0.125,0.0,0.0,1.0,0.5,0.25,0.0,0.375
Seq_143,0.125,0.0,0.875,0.375,0.375,0.375,0.125,0.125,0.0,0.125,0.875,0.375,0.375,0.0,0.375
Seq_144,0.0,0.0,1.0,0.375,0.5,0.5,0.25,0.125,0.0,0.0,1.0,0.5,0.375,0.0,0.5
Seq_145,0.0,0.0,1.0,0.375,0.5,0.5,0.125,0.125,0.0,0.0,1.0,0.5,0.25,0.0,0.5
Seq_146,0.0,0.0,1.0,0.375,0.5,0.375,0.125,0.125,0.0,0.0,1.0,0.5,0.25,0.125,0.375
Seq_147,0.0,0.0,1.0,0.5,0.375,0.375,0.125,0.125,0.0,0.0,1.0,0.375,0.25,0.0,0.5
Seq_148,0.125,0.125,0.75,0.25,0.5,0.25,0.0,0.0,0.125,0.125,0.75,0.625,0.125,0.25,0.25
Seq_149,0.0,0.0,1.0,0.25,0.75,0.625,0.0,0.0,0.0,0.0,1.0,0.75,0.0,0.125,0.75
Seq_150,0.25,0.0,0.75,0.125,0.5,0.375,0.0,0.125,0.0,0.25,0.75,0.375,0.375,0.0,0.375
Seq_151,0.125,0.0,0.875,0.25,0.5,0.375,0.125,0.125,0.0,0.125,0.875,0.375,0.375,0.0,0.5
Seq_152,0.0,0.125,0.875,0.125,0.75,0.625,0.125,0.125,0.125,0.0,0.875,0.625,0.125,0.0,0.5
Seq_153,0.125,0.125,0.75,0.0,0.75,0.625,0.0,0.0,0.125,0.125,0.75,0.75,0.125,0.125,0.5
Seq_154,0.0,0.0,1.0,0.0,0.75,0.625,0.125,0.0,0.0,0.0,1.0,0.75,0.375,0.125,0.625
Seq_155,0.125,0.0,0.875,0.625,0.25,0.25,0.0,0.125,0.0,0.125,0.875,0.25,0.125,0.0,0.625
Seq_156,0.0,0.0,1.0,0.625,0.25,0.25,0.125,0.125,0.0,0.0,1.0,0.25,0.25,0.0,0.5
Seq_157,0.125,0.0,0.875,0.25,0.5,0.5,0.125,0.125,0.0,0.125,0.875,0.5,0.375,0.0,0.5
Seq_158,0.125,0.125,0.75,0.375,0.25,0.25,0.125,0.125,0.125,0.125,0.75,0.25,0.375,0.0,0.5
Seq_159,0.125,0.125,0.75,0.125,0.625,0.5,0.0,0.0,0.125,0.125,0.75,0.625,0.125,0.125,0.5
Seq_160,0.125,0.0,0.875,0.125,0.75,0.625,0.0,0.0,0.0,0.125,0.875,0.75,0.125,0.125,0.5
Seq_161,0.0,0.125,0.875,0.5,0.25,0.25,0.125,0.125,0.125,0.0,0.875,0.25,0.25,0.0,0.5
Seq_162,0.0,0.125,0.875,0.125,0.75,0.625,0.0,0.0,0.125,0.0,0.875,0.75,0.0,0.125,0.5
Seq_163,0.125,0.0,0.875,0.0,0.875,0.75,0.0,0.0,0.0,0.125,0.875,0.875,0.125,0.125,0.5
Seq_164,0.0,0.125,0.875,0.5,0.25,0.25,0.125,0.125,0.125,0.0,0.875,0.25,0.25,0.0,0.5
Seq_165,0.125,0.0,0.875,0.375,0.375,0.375,0.125,0.125,0.0,0.125,0.875,0.375,0.375,0.0,0.5
Seq_166,0.0,0.0,1.0,0.5,0.375,0.375,0.125,0.125,0.0,0.0,1.0,0.375,0.25,0.0,0.5
Seq_167,0.125,0.125,0.75,0.375,0.25,0.25,0.125,0.125,0.125,0.125,0.75,0.25,0.375,0.0,0.5
Seq_168,0.125,0.125,0.75,0.25,0.375,0.375,0.125,0.125,0.125,0.125,0.75,0.375,0.375,0.0,0.5
Seq_169,0.125,0.0,0.875,0.375,0.375,0.375,0.125,0.125,0.0,0.125,0.875,0.375,0.375,0.0,0.5
Seq_170,0.125,0.0,0.875,0.125,0.75,0.625,0.0,0.0,0.0,0.125,0.875,0.75,0.125,0.125,0.5
Seq_171,0.125,0.0,0.875,0.375,0.375,0.375,0.125,0.125,0.0,0.125,0.875,0.375,0.375,0.0,0.5
Seq_172,0.125,0.0,0.875,0.25,0.625,0.625,0.125,0.0,0.0,0.125,0.875,0.75,0.25,0.0,0.625
Seq_173,0.0,0.0,1.0,0.125,0.875,0.875,0.25,0.0,0.0,0.0,1.0,0.875,0.25,0.0,0.5
Seq_174,0.125,0.0,0.875,0.125,0.75,0.625,0.25,0.0,0.0,0.125,0.875,0.75,0.375,0.125,0.5
Seq_175,0.0,0.0,1.0,0.5,0.5,0.5,0.125,0.125,0.0,0.0,1.0,0.5,0.125,0.0,0.5
Seq_176,0.0,0.0,1.0,0.625,0.375,0.375,0.125,0.125,0.0,0.0,1.0,0.5,0.125,0.125,0.5
Seq_177,0.0,0.0,1.0,0.5,0.375,0.375,0.125,0.125,0.0,0.0,1.0,0.375,0.25,0.0,0.5
Seq_178,0.0,0.0,1.0,0.5,0.375,0.25,0.125,0.25,0.0,0.0,1.0,0.375,0.25,0.0,0.375
Seq_179,0.0,0.0,1.0,0.625,0.375,0.375,0.125,0.125,0.0,0.0,1.0,0.5,0.125,0.0,0.5
Seq_180,0.0,0.0,1.0,0.5,0.5,0.375,0.125,0.25,0.0,0.0,1.0,0.5,0.125,0.0,0.375
Seq_181,0.0,0.0,1.0,0.375,0.5,0.375,0.125,0.125,0.0,0.0,1.0,0.5,0.25,0.0,0.5
Seq_182,0.0,0.0,1.0,0.5,0.375,0.375,0.125,0.125,0.0,0.0,1.0,0.375,0.25,0.0,0.375
Seq_183,0.0,0.0,1.0,0.5,0.5,0.5,0.125,0.125,0.0,0.0,1.0,0.5,0.125,0.0,0.375
Seq_184,0.0,0.0,1.0,0.375,0.5,0.375,0.125,0.0,0.0,0.0,1.0,0.5,0.25,0.125,0.5
Seq_185,0.0,0.25,0.75,0.625,0.125,0.125,0.0,0.25,0.25,0.0,0.75,0.125,0.0,0.0,0.75
Seq_186,0.0,0.0,1.0,0.5,0.5,0.5,0.0,0.25,0.0,0.0,1.0,0.75,0.0,0.0,0.5
Seq_187,0.0,0.25,0.75,0.625,0.125,0.125,0.0,0.25,0.25,0.0,0.75,0.25,0.0,0.0,0.625
Seq_188,0.0,0.125,0.875,0.375,0.375,0.375,0.125,0.125,0.125,0.0,0.875,0.375,0.25,0.0,0.625
Seq_189,0.0,0.0,1.0,1.0,0.0,0.0,0.0,0.25,0.0,0.0,1.0,0.25,0.0,0.0,0.5
Seq_190,0.0,0.0,1.0,0.25,0.75,0.5,0.0,0.0,0.0,0.0,1.0,1.0,0.0,0.25,0.75
Seq_191,0.0,0.125,0.875,0.75,0.125,0.125,0.0,0.25,0.125,0.0,0.875,0.375,0.0,0.0,0.625
Seq_192,0.0,0.25,0.75,0.625,0.125,0.125,0.0,0.25,0.25,0.0,0.75,0.25,0.0,0.0,0.75
Seq_193,0.0,0.125,0.875,0.875,0.0,0.0,0.0,0.25,0.125,0.0,0.875,0.25,0.0,0.0,0.625
Seq_194,0.0,0.25,0.75,0.625,0.125,0.125,0.0,0.25,0.25,0.0,0.75,0.25,0.0,0.0,0.75
Seq_195,0.0,0.0,1.0,0.75,0.0,0.0,0.0,0.25,0.0,0.0,1.0,0.0,0.25,0.0,0.5
Seq_196,0.0,0.125,0.875,0.75,0.125,0.0,0.0,0.375,0.125,0.0,0.875,0.375,0.0,0.0,0.625
Seq_197,0.0,0.25,0.75,0.75,0.0,0.0,0.0,0.25,0.25,0.0,0.75,0.25,0.0,0.0,0.625
Seq_198,0.0,0.125,0.875,0.75,0.0,0.0,0.0,0.25,0.125,0.0,0.875,0.125,0.125,0.0,0.5
Seq_199,0.0,0.25,0.75,0.5,0.25,0.25,0.0,0.25,0.25,0.0,0.75,0.25,0.0,0.0,0.75
Seq_200,0.0,0.375,0.625,0.625,0.0,0.0,0.0,0.25,0.375,0.0,0.625,0.125,0.0,0.0,0.625
Seq_201,0.0,0.25,0.75,0.375,0.375,0.25,0.0,0.25,0.25,0.0,0.75,0.5,0.0,0.0,0.625
Seq_202,0.0,0.125,0.875,0.75,0.125,0.125,0.0,0.25,0.125,0.0,0.875,0.25,0.0,0.0,0.75
Seq_203,0.0,0.125,0.875,0.875,0.0,0.0,0.0,0.25,0.125,0.0,0.875,0.25,0.0,0.0,0.625
Seq_204,0.0,0.25,0.75,0.75,0.0,0.0,0.0,0.25,0.25,0.0,0.75,0.25,0.0,0.25,0.75
Seq_205,0.0,0.125,0.875,0.625,0.125,0.125,0.0,0.25,0.125,0.0,0.875,0.125,0.125,0.0,0.375
Seq_206,0.0,0.25,0.75,0.625,0.125,0.125,0.0,0.25,0.25,0.0,0.75,0.125,0.0,0.0,0.75
Seq_207,0.0,0.0,1.0,0.625,0.25,0.25,0.125,0.125,0.0,0.0,1.0,0.375,0.25,0.0,0.625
Seq_208,0.0,0.25,0.75,0.25,0.5,0.375,0.0,0.25,0.25,0.0,0.75,0.5,0.0,0.0,0.625
Seq_209,0.0,0.25,0.75,0.75,0.0,0.0,0.0,0.25,0.25,0.0,0.75,0.25,0.0,0.125,0.75
Seq_210,0.0,0.0,1.0,0.875,0.125,0.125,0.0,0.25,0.0,0.0,1.0,0.375,0.0,0.0,0.5
Seq_211,0.0,0.125,0.875,0.75,0.125,0.0,0.0,0.375,0.125,0.0,0.875,0.375,0.0,0.0,0.625
Seq_212,0.0,0.25,0.75,0.75,0.0,0.0,0.0,0.25,0.25,0.0,0.75,0.25,0.0,0.125,0.75
Seq_213,0.0,0.5,0.5,0.5,0.0,0.0,0.0,0.25,0.5,0.0,0.5,0.0,0.0,0.0,0.5
Seq_214,0.0,0.25,0.75,0.625,0.125,0.125,0.0,0.25,0.25,0.0,0.75,0.25,0.0,0.0,0.625
Seq_215,0.0,0.0,1.0,0.75,0.25,0.25,0.0,0.25,0.0,0.0,1.0,0.25,0.0,0.0,0.75
Seq_216,0.0,0.375,0.625,0.625,0.0,0.0,0.0,0.25,0.375,0.0,0.625,0.125,0.0,0.0,0.625
Seq_217,0.0,0.25,0.75,0.625,0.125,0.125,0.0,0.25,0.25,0.0,0.75,0.25,0.0,0.0,0.625
Seq_218,0.0,0.125,0.875,0.75,0.125,0.125,0.0,0.25,0.125,0.0,0.875,0.25,0.0,0.0,0.375
Seq_219,0.0,0.125,0.875,0.875,0.0,0.0,0.0,0.25,0.125,0.0,0.875,0.25,0.0,0.0,0.5
Seq_220,0.0,0.0,1.0,0.25,0.75,0.5,0.0,0.0,0.0,0.0,1.0,1.0,0.0,0.25,0.5
Seq_221,0.0,0.125,0.875,0.5,0.25,0.25,0.125,0.125,0.125,0.0,0.875,0.25,0.25,0.0,0.5
Seq_222,0.0,0.125,0.875,0.75,0.125,0.125,0.0,0.25,0.125,0.0,0.875,0.375,0.0,0.0,0.625
Seq_223,0.0,0.25,0.75,0.75,0.0,0.0,0.0,0.25,0.25,0.0,0.75,0.25,0.0,0.0,0.75
Seq_224,0.0,0.0,1.0,0.75,0.125,0.125,0.0,0.25,0.0,0.0,1.0,0.25,0.125,0.0,0.5
Seq_225,0.0,0.0,1.0,0.625,0.25,0.25,0.0,0.25,0.0,0.0,1.0,0.25,0.125,0.0,0.375
Seq_226,0.0,0.0,1.0,0.75,0.25,0.25,0.0,0.25,0.0,0.0,1.0,0.375,0.0,0.0,0.375
Seq_227,0.0,0.25,0.75,0.625,0.125,0.125,0.0,0.25,0.25,0.0,0.75,0.25,0.0,0.0,0.625
Seq_228,0.0,0.125,0.875,0.75,0.125,0.125,0.0,0.25,0.125,0.0,0.875,0.25,0.0,0.0,0.75
Seq_229,0.0,0.0,1.0,0.25,0.75,0.625,0.125,0.125,0.0,0.0,1.0,0.625,0.125,0.0,0.625
Seq_230,0.125,0.125,0.75,0.375,0.375,0.375,0.125,0.125,0.125,0.125,0.75,0.5,0.25,0.0,0.375
Seq_231,0.125,0.0,0.875,0.125,0.625,0.625,0.125,0.0,0.0,0.125,0.875,0.625,0.375,0.0,0.625
Seq_232,0.25,0.125,0.625,0.125,0.5,0.375,0.0,0.125,0.125,0.25,0.625,0.5,0.25,0.0,0.125
Seq_233,0.125,0.125,0.75,0.0,0.75,0.625,0.0,0.0,0.125,0.125,0.75,0.75,0.125,0.125,0.375
Seq_234,0.0,0.0,1.0,0.25,0.625,0.5,0.25,0.125,0.0,0.0,1.0,0.75,0.375,0.0,0.625
Seq_235,0.125,0.0,0.875,0.25,0.625,0.5,0.125,0.125,0.0,0.125,0.875,0.625,0.25,0.0,0.5
Seq_236,0.125,0.0,0.875,0.25,0.625,0.375,0.0,0.0,0.0,0.125,0.875,0.625,0.125,0.25,0.375
Seq_237,0.25,0.125,0.625,0.0,0.625,0.5,0.0,0.125,0.125,0.25,0.625,0.5,0.25,0.0,0.25
Seq_238,0.125,0.0,0.875,0.375,0.375,0.25,0.125,0.125,0.0,0.125,0.875,0.375,0.375,0.0,0.375
Seq_239,0.0,0.0,1.0,0.375,0.5,0.25,0.125,0.25,0.0,0.0,1.0,0.625,0.25,0.0,0.5
Seq_240,0.125,0.0,0.875,0.125,0.625,0.5,0.25,0.125,0.0,0.125,0.875,0.625,0.5,0.0,0.625
Seq_241,0.0,0.0,1.0,0.125,0.875,0.875,0.25,0.0,0.0,0.0,1.0,0.875,0.25,0.0,0.5
Seq_242,0.0,0.0,1.0,0.5,0.5,0.5,0.125,0.125,0.0,0.0,1.0,0.625,0.125,0.0,0.625
Seq_243,0.125,0.0,0.875,0.25,0.5,0.5,0.125,0.125,0.0,0.125,0.875,0.25,0.375,0.0,0.625
Seq_244,0.0,0.0,1.0,0.25,0.75,0.375,0.125,0.375,0.0,0.0,1.0,1.0,0.125,0.0,0.625
Seq_245,0.125,0.25,0.625,0.125,0.5,0.375,0.125,0.125,0.25,0.125,0.625,0.625,0.25,0.0,0.5
Seq_246,0.0,0.125,0.875,0.0,0.875,0.75,0.125,0.0,0.125,0.0,0.875,0.75,0.125,0.125,0.75
Seq_247,0.0,0.0,1.0,0.25,0.75,0.75,0.0,0.0,0.0,0.0,1.0,1.0,0.0,0.0,0.75
Seq_248,0.125,0.0,0.875,0.25,0.625,0.625,0.0,0.0,0.0,0.125,0.875,0.625,0.125,0.0,0.375
Seq_249,0.125,0.0,0.875,0.25,0.625,0.5,0.125,0.125,0.0,0.125,0.875,0.625,0.25,0.0,0.5
Seq_250,0.0,0.125,0.875,0.25,0.625,0.625,0.125,0.0,0.125,0.0,0.875,0.75,0.125,0.125,0.375
Seq_251,0.0,0.25,0.75,0.25,0.5,0.375,0.0,0.125,0.25,0.0,0.75,0.5,0.0,0.125,0.125
Seq_252,0.25,0.125,0.625,0.0,0.625,0.625,0.125,0.0,0.125,0.25,0.625,0.625,0.375,0.0,0.25
Seq_253,0.0,0.0,1.0,0.0,0.875,0.75,0.125,0.0,0.0,0.0,1.0,0.875,0.25,0.125,0.625
Seq_254,0.125,0.0,0.875,0.75,0.125,0.125,0.0,0.125,0.0,0.125,0.875,0.5,0.125,0.25,0.75
Seq_255,0.0,0.25,0.75,0.125,0.625,0.625,0.0,0.0,0.25,0.0,0.75,0.625,0.0,0.0,0.5
Seq_256,0.125,0.125,0.75,0.25,0.5,0.375,0.0,0.125,0.125,0.125,0.75,0.625,0.125,0.0,0.625
Seq_257,0.0,0.0,1.0,0.25,0.75,0.625,0.125,0.0,0.0,0.0,1.0,0.875,0.125,0.125,0.75
Seq_258,0.25,0.0,0.75,0.0,0.75,0.5,0.0,0.0,0.0,0.25,0.75,0.75,0.25,0.25,0.25
Seq_259,0.0,0.25,0.75,0.25,0.5,0.375,0.125,0.125,0.25,0.0,0.75,0.5,0.125,0.125,0.25
Seq_260,0.125,0.125,0.75,0.25,0.5,0.375,0.125,0.25,0.125,0.125,0.75,0.5,0.25,0.0,0.25
Seq_261,0.125,0.0,0.875,0.25,0.5,0.5,0.125,0.0,0.0,0.125,0.875,0.375,0.375,0.0,0.5
Seq_262,0.125,0.0,0.875,0.375,0.375,0.25,0.0,0.125,0.0,0.125,0.875,0.25,0.25,0.0,0.375
Seq_263,0.25,0.0,0.75,0.25,0.375,0.25,0.125,0.125,0.0,0.25,0.75,0.375,0.5,0.0,0.375
Seq_264,0.125,0.0,0.875,0.125,0.625,0.5,0.0,0.125,0.0,0.125,0.875,0.375,0.25,0.0,0.5
Seq_265,0.375,0.0,0.625,0.0,0.5,0.375,0.0,0.125,0.0,0.375,0.625,0.375,0.5,0.0,0.375
Seq_266,0.125,0.0,0.875,0.125,0.625,0.5,0.0,0.125,0.0,0.125,0.875,0.375,0.25,0.0,0.5
Seq_267,0.25,0.0,0.75,0.125,0.5,0.375,0.0,0.125,0.0,0.25,0.75,0.375,0.375,0.0,0.375
Seq_268,0.125,0.0,0.875,0.25,0.5,0.25,0.125,0.25,0.0,0.125,0.875,0.375,0.375,0.0,0.5
Seq_269,0.125,0.0,0.875,0.25,0.5,0.375,0.125,0.125,0.0,0.125,0.875,0.375,0.375,0.0,0.625
Seq_270,0.125,0.0,0.875,0.375,0.375,0.375,0.125,0.125,0.0,0.125,0.875,0.25,0.375,0.0,0.5
Seq_271,0.125,0.0,0.875,0.25,0.5,0.375,0.25,0.125,0.0,0.125,0.875,0.375,0.5,0.0,0.625
Seq_272,0.375,0.0,0.625,0.0,0.5,0.375,0.0,0.125,0.0,0.375,0.625,0.375,0.5,0.0,0.375
Seq_273,0.125,0.0,0.875,0.25,0.625,0.5,0.125,0.125,0.0,0.125,0.875,0.75,0.25,0.0,0.5
Seq_274,0.125,0.0,0.875,0.25,0.625,0.5,0.125,0.125,0.0,0.125,0.875,0.75,0.25,0.0,0.625
Seq_275,0.125,0.125,0.75,0.125,0.625,0.625,0.125,0.0,0.125,0.125,0.75,0.625,0.25,0.0,0.625
Seq_276,0.125,0.0,0.875,0.25,0.625,0.5,0.125,0.125,0.0,0.125,0.875,0.75,0.25,0.0,0.5
Seq_277,0.125,0.0,0.875,0.25,0.625,0.625,0.125,0.0,0.0,0.125,0.875,0.75,0.25,0.0,0.5
Seq_278,0.0,0.0,1.0,0.5,0.5,0.5,0.125,0.125,0.0,0.0,1.0,0.5,0.125,0.0,0.375
Seq_279,0.125,0.0,0.875,0.25,0.625,0.625,0.25,0.0,0.0,0.125,0.875,0.75,0.375,0.0,0.625
Seq_280,0.0,0.0,1.0,0.25,0.75,0.75,0.125,0.0,0.0,0.0,1.0,0.875,0.125,0.0,0.75
Seq_281,0.125,0.0,0.875,0.25,0.625,0.625,0.125,0.0,0.0,0.125,0.875,0.75,0.25,0.0,0.5
Seq_282,0.125,0.0,0.875,0.125,0.75,0.75,0.125,0.0,0.0,0.125,0.875,0.75,0.25,0.0,0.625
Seq_283,0.125,0.0,0.875,0.375,0.5,0.5,0.125,0.0,0.0,0.125,0.875,0.625,0.25,0.0,0.625
Seq_284,0.125,0.0,0.875,0.25,0.625,0.5,0.125,0.0,0.0,0.125,0.875,0.75,0.25,0.125,0.625
Seq_285,0.125,0.0,0.875,0.125,0.75,0.75,0.125,0.0,0.0,0.125,0.875,0.625,0.25,0.0,0.625
Seq_286,0.125,0.0,0.875,0.25,0.625,0.625,0.125,0.0,0.0,0.125,0.875,0.75,0.25,0.0,0.5
Seq_287,0.125,0.0,0.875,0.375,0.5,0.5,0.125,0.125,0.0,0.125,0.875,0.625,0.25,0.0,0.625
Seq_288,0.0,0.125,0.875,0.25,0.625,0.625,0.125,0.0,0.125,0.0,0.875,0.75,0.125,0.0,0.75
Seq_289,0.0,0.0,1.0,0.25,0.75,0.625,0.125,0.125,0.0,0.0,1.0,0.875,0.125,0.0,0.625
Seq_290,0.125,0.125,0.75,0.25,0.5,0.5,0.125,0.0,0.125,0.125,0.75,0.625,0.25,0.0,0.625
Seq_291,0.125,0.0,0.875,0.25,0.5,0.5,0.125,0.0,0.0,0.125,0.875,0.625,0.375,0.0,0.625
Seq_292,0.0,0.0,1.0,0.25,0.75,0.75,0.125,0.0,0.0,0.0,1.0,0.875,0.125,0.0,0.75
Seq_293,0.0,0.0,1.0,0.25,0.75,0.75,0.125,0.0,0.0,0.0,1.0,0.875,0.125,0.0,0.625
Seq_294,0.125,0.0,0.875,0.25,0.625,0.625,0.125,0.0,0.0,0.125,0.875,0.75,0.25,0.0,0.5
Seq_295,0.0,0.0,1.0,0.375,0.625,0.625,0.125,0.0,0.0,0.0,1.0,0.75,0.125,0.0,0.75
Seq_296,0.0,0.0,1.0,0.5,0.5,0.5,0.125,0.125,0.0,0.0,1.0,0.5,0.125,0.0,0.5
Seq_297,0.125,0.0,0.875,0.25,0.625,0.625,0.125,0.0,0.0,0.125,0.875,0.75,0.25,0.0,0.75
Seq_298,0.125,0.0,0.875,0.125,0.75,0.75,0.25,0.0,0.0,0.125,0.875,0.75,0.375,0.0,0.625
Seq_299,0.125,0.0,0.875,0.25,0.625,0.625,0.125,0.0,0.0,0.125,0.875,0.75,0.25,0.0,0.625
Seq_300,0.125,0.0,0.875,0.25,0.625,0.625,0.125,0.0,0.0,0.125,0.875,0.625,0.25,0.0,0.625
Seq_301,0.125,0.0,0.875,0.125,0.75,0.75,0.125,0.0,0.0,0.125,0.875,0.75,0.25,0.0,0.5
Seq_302,0.125,0.0,0.875,0.125,0.75,0.75,0.125,0.0,0.0,0.125,0.875,0.75,0.25,0.0,0.625
Seq_303,0.0,0.0,1.0,0.25,0.75,0.75,0.125,0.0,0.0,0.0,1.0,0.75,0.125,0.0,0.75
Seq_304,0.125,0.0,0.875,0.25,0.625,0.625,0.125,0.0,0.0,0.125,0.875,0.625,0.25,0.0,0.75
Seq_305,0.0,0.0,1.0,0.5,0.375,0.375,0.0,0.125,0.0,0.0,1.0,0.375,0.125,0.0,0.5
Seq_306,0.0,0.0,1.0,0.25,0.75,0.625,0.0,0.125,0.0,0.0,1.0,0.625,0.0,0.0,0.875
Seq_307,0.0,0.0,1.0,0.125,0.625,0.5,0.0,0.125,0.0,0.0,1.0,0.375,0.25,0.0,0.875
Seq_308,0.0,0.125,0.875,0.125,0.625,0.5,0.0,0.125,0.125,0.0,0.875,0.375,0.125,0.0,0.75
Seq_309,0.125,0.0,0.875,0.125,0.625,0.5,0.0,0.125,0.0,0.125,0.875,0.375,0.25,0.0,0.75
Seq_310,0.0,0.0,1.0,0.25,0.625,0.5,0.0,0.125,0.0,0.0,1.0,0.375,0.125,0.0,0.75
Seq_311,0.0,0.0,1.0,0.25,0.625,0.5,0.0,0.125,0.0,0.0,1.0,0.375,0.125,0.0,0.75
Seq_312,0.0,0.0,1.0,0.625,0.375,0.375,0.0,0.125,0.0,0.0,1.0,0.375,0.0,0.0,0.625
Seq_313,0.0,0.0,1.0,0.25,0.75,0.625,0.0,0.125,0.0,0.0,1.0,0.5,0.0,0.0,0.75
Seq_314,0.125,0.0,0.875,0.0,0.75,0.75,0.0,0.0,0.0,0.125,0.875,0.625,0.25,0.0,0.625
Seq_315,0.0,0.0,1.0,0.25,0.625,0.5,0.0,0.125,0.0,0.0,1.0,0.375,0.125,0.0,0.875
Seq_316,0.0,0.0,1.0,0.375,0.625,0.5,0.0,0.125,0.0,0.0,1.0,0.625,0.0,0.0,0.75
Seq_317,0.0,0.0,1.0,0.5,0.5,0.5,0.0,0.125,0.0,0.0,1.0,0.375,0.0,0.0,0.625
Seq_318,0.0,0.0,1.0,0.125,0.75,0.625,0.0,0.125,0.0,0.0,1.0,0.5,0.125,0.0,0.75
Seq_319,0.0,0.0,1.0,0.125,0.75,0.625,0.0,0.125,0.0,0.0,1.0,0.5,0.125,0.0,0.875
Seq_320,0.0,0.0,1.0,0.125,0.75,0.5,0.0,0.25,0.0,0.0,1.0,0.625,0.125,0.0,0.75
Seq_321,0.0,0.0,1.0,0.125,0.75,0.625,0.0,0.0,0.0,0.0,1.0,0.75,0.125,0.125,0.625
Seq_322,0.0,0.125,0.875,0.125,0.75,0.375,0.125,0.25,0.125,0.0,0.875,0.625,0.125,0.125,0.5
Seq_323,0.0,0.125,0.875,0.125,0.75,0.5,0.0,0.125,0.125,0.0,0.875,0.75,0.0,0.125,0.5
Seq_324,0.0,0.125,0.875,0.25,0.625,0.5,0.0,0.0,0.125,0.0,0.875,0.625,0.0,0.125,0.375
Seq_325,0.0,0.0,1.0,0.25,0.625,0.375,0.0,0.25,0.0,0.0,1.0,0.5,0.125,0.0,0.75
Seq_326,0.0,0.125,0.875,0.0,0.875,0.625,0.0,0.125,0.125,0.0,0.875,0.75,0.0,0.125,0.5
Seq_327,0.0,0.125,0.875,0.125,0.75,0.5,0.125,0.125,0.125,0.0,0.875,0.625,0.125,0.125,0.625
Seq_328,0.125,0.0,0.875,0.5,0.375,0.375,0.0,0.125,0.0,0.125,0.875,0.375,0.125,0.0,0.75
Seq_329,0.0,0.125,0.875,0.25,0.5,0.375,0.0,0.125,0.125,0.0,0.875,0.25,0.125,0.0,0.625
Seq_330,0.0,0.0,1.0,0.25,0.75,0.625,0.0,0.25,0.0,0.0,1.0,0.5,0.0,0.0,0.5
Seq_331,0.25,0.0,0.75,0.25,0.5,0.375,0.0,0.125,0.0,0.25,0.75,0.375,0.25,0.0,0.5
Seq_332,0.0,0.125,0.875,0.375,0.5,0.5,0.0,0.125,0.125,0.0,0.875,0.5,0.0,0.0,0.75
Seq_333,0.0,0.0,1.0,0.625,0.375,0.375,0.0,0.25,0.0,0.0,1.0,0.25,0.0,0.0,0.625
Seq_334,0.125,0.0,0.875,0.25,0.625,0.375,0.0,0.125,0.0,0.125,0.875,0.5,0.125,0.125,0.625
Seq_335,0.0,0.125,0.875,0.25,0.5,0.5,0.0,0.125,0.125,0.0,0.875,0.375,0.125,0.0,0.5
Seq_336,0.0,0.125,0.875,0.375,0.5,0.375,0.0,0.125,0.125,0.0,0.875,0.5,0.0,0.0,0.5
Seq_337,0.0,0.0,1.0,0.5,0.375,0.375,0.0,0.125,0.0,0.0,1.0,0.375,0.125,0.0,0.75
Seq_338,0.125,0.125,0.75,0.375,0.375,0.25,0.0,0.25,0.125,0.125,0.75,0.25,0.125,0.0,0.5
Seq_339,0.0,0.125,0.875,0.25,0.625,0.375,0.125,0.25,0.125,0.0,0.875,0.5,0.125,0.125,0.375
Seq_340,0.125,0.25,0.625,0.25,0.375,0.25,0.0,0.125,0.25,0.125,0.625,0.375,0.125,0.0,0.5
Seq_341,0.0,0.125,0.875,0.5,0.375,0.375,0.0,0.25,0.125,0.0,0.875,0.375,0.0,0.0,0.5
Seq_342,0.0,0.0,1.0,0.375,0.5,0.375,0.0,0.25,0.0,0.0,1.0,0.25,0.125,0.0,0.625
Seq_343,0.0,0.125,0.875,0.0,0.875,0.5,0.125,0.25,0.125,0.0,0.875,0.75,0.125,0.125,0.375
Seq_344,0.0,0.125,0.875,0.375,0.375,0.25,0.0,0.25,0.125,0.0,0.875,0.375,0.125,0.0,0.625
Seq_345,0.0,0.0,1.0,0.0,0.875,0.75,0.125,0.0,0.0,0.0,1.0,0.75,0.25,0.125,0.625
Seq_346,0.0,0.0,1.0,0.5,0.5,0.375,0.0,0.125,0.0,0.0,1.0,0.5,0.0,0.0,0.5
Seq_347,0.0,0.0,1.0,0.375,0.625,0.375,0.0,0.125,0.0,0.0,1.0,0.5,0.0,0.125,0.5
Seq_348,0.0,0.125,0.875,0.25,0.5,0.25,0.0,0.125,0.125,0.0,0.875,0.375,0.125,0.125,0.5
Seq_349,0.0,0.125,0.875,0.375,0.5,0.375,0.0,0.25,0.125,0.0,0.875,0.375,0.0,0.0,0.5
Seq_350,0.0,0.125,0.875,0.375,0.5,0.25,0.0,0.125,0.125,0.0,0.875,0.5,0.0,0.125,0.625
Seq_351,0.0,0.125,0.875,0.375,0.5,0.375,0.0,0.125,0.125,0.0,0.875,0.5,0.0,0.0,0.75
Seq_352,0.0,0.0,1.0,0.0,0.875,0.75,0.0,0.125,0.0,0.0,1.0,0.75,0.125,0.0,0.625
Seq_353,0.0,0.0,1.0,0.375,0.5,0.375,0.0,0.125,0.0,0.0,1.0,0.375,0.125,0.125,0.625
Seq_354,0.0,0.0,1.0,0.125,0.75,0.375,0.0,0.125,0.0,0.0,1.0,0.5,0.125,0.25,0.625
Seq_355,0.0,0.125,0.875,0.625,0.25,0.25,0.0,0.25,0.125,0.0,0.875,0.125,0.0,0.0,0.5
Seq_356,0.125,0.125,0.75,0.375,0.375,0.375,0.0,0.125,0.125,0.125,0.75,0.375,0.125,0.0,0.625
Seq_357,0.0,0.0,1.0,0.375,0.625,0.5,0.0,0.125,0.0,0.0,1.0,0.5,0.0,0.0,0.75
Seq_358,0.0,0.125,0.875,0.125,0.75,0.75,0.0,0.0,0.125,0.0,0.875,0.5,0.0,0.0,0.375
Seq_359,0.0,0.0,1.0,0.375,0.625,0.375,0.125,0.0,0.0,0.0,1.0,0.625,0.125,0.25,0.75
Seq_360,0.0,0.0,1.0,0.375,0.625,0.625,0.0,0.125,0.0,0.0,1.0,0.375,0.0,0.0,0.5
Seq_361,0.125,0.375,0.5,0.0,0.375,0.375,0.0,0.0,0.375,0.125,0.5,0.375,0.25,0.0,0.25
Seq_362,0.125,0.125,0.75,0.0,0.75,0.625,0.0,0.125,0.125,0.125,0.75,0.375,0.125,0.0,0.375
Seq_363,0.125,0.0,0.875,0.375,0.5,0.375,0.125,0.375,0.0,0.125,0.875,0.375,0.25,0.0,0.5
Seq_364,0.0,0.125,0.875,0.25,0.625,0.5,0.125,0.25,0.125,0.0,0.875,0.5,0.125,0.0,0.75
Seq_365,0.125,0.125,0.75,0.125,0.625,0.375,0.0,0.25,0.125,0.125,0.75,0.5,0.125,0.125,0.125
Seq_366,0.125,0.125,0.75,0.125,0.625,0.5,0.0,0.25,0.125,0.125,0.75,0.625,0.125,0.0,0.375
Seq_367,0.0,0.375,0.625,0.25,0.375,0.25,0.0,0.0,0.375,0.0,0.625,0.625,0.0,0.25,0.375
Seq_368,0.0,0.25,0.75,0.375,0.375,0.125,0.0,0.25,0.25,0.0,0.75,0.5,0.0,0.0,0.375
Seq_369,0.0,0.25,0.75,0.125,0.5,0.5,0.0,0.0,0.25,0.0,0.75,0.625,0.125,0.0,0.625
Seq_370,0.125,0.25,0.625,0.125,0.5,0.25,0.0,0.125,0.25,0.125,0.625,0.375,0.125,0.125,0.125
Seq_371,0.125,0.125,0.75,0.0,0.75,0.625,0.0,0.125,0.125,0.125,0.75,0.5,0.125,0.0,0.375
Seq_372,0.0,0.0,1.0,0.375,0.625,0.625,0.0,0.125,0.0,0.0,1.0,0.625,0.0,0.0,0.25
Seq_373,0.0,0.625,0.375,0.125,0.25,0.25,0.0,0.0,0.625,0.0,0.375,0.25,0.0,0.0,0.75
Seq_374,0.125,0.25,0.625,0.125,0.5,0.5,0.0,0.0,0.25,0.125,0.625,0.5,0.125,0.0,0.375
Seq_375,0.0,0.125,0.875,0.375,0.5,0.375,0.0,0.0,0.125,0.0,0.875,0.625,0.0,0.125,0.625
Seq_376,0.125,0.25,0.625,0.25,0.375,0.25,0.0,0.25,0.25,0.125,0.625,0.5,0.125,0.0,0.5
Seq_377,0.0,0.0,1.0,0.25,0.625,0.625,0.125,0.125,0.0,0.0,1.0,0.625,0.25,0.0,0.5
Seq_378,0.125,0.125,0.75,0.0,0.625,0.5,0.0,0.125,0.125,0.125,0.75,0.625,0.25,0.0,0.375
Seq_379,0.125,0.0,0.875,0.0,0.75,0.625,0.0,0.125,0.0,0.125,0.875,0.75,0.25,0.0,0.375
Seq_380,0.125,0.0,0.875,0.125,0.625,0.5,0.0,0.125,0.0,0.125,0.875,0.625,0.25,0.0,0.375
Seq_381,0.125,0.0,0.875,0.0,0.75,0.625,0.0,0.125,0.0,0.125,0.875,0.75,0.25,0.0,0.5
Seq_382,0.125,0.125,0.75,0.125,0.5,0.5,0.125,0.125,0.125,0.125,0.75,0.5,0.375,0.0,0.5
Seq_383,0.125,0.0,0.875,0.125,0.625,0.625,0.125,0.125,0.0,0.125,0.875,0.625,0.375,0.0,0.5
Seq_384,0.125,0.0,0.875,0.0,0.875,0.75,0.0,0.125,0.0,0.125,0.875,0.875,0.125,0.0,0.5
Seq_385,0.125,0.125,0.75,0.0,0.75,0.625,0.0,0.125,0.125,0.125,0.75,0.75,0.125,0.0,0.5
Seq_386,0.125,0.125,0.75,0.0,0.75,0.625,0.0,0.125,0.125,0.125,0.75,0.75,0.125,0.0,0.375
Seq_387,0.125,0.0,0.875,0.0,0.875,0.75,0.0,0.125,0.0,0.125,0.875,0.875,0.125,0.0,0.375
Seq_388,0.125,0.0,0.875,0.0,0.75,0.625,0.0,0.125,0.0,0.125,0.875,0.75,0.25,0.0,0.5
Seq_389,0.125,0.0,0.875,0.125,0.75,0.625,0.0,0.125,0.0,0.125,0.875,0.75,0.125,0.0,0.375
Seq_390,0.125,0.0,0.875,0.125,0.75,0.625,0.0,0.125,0.0,0.125,0.875,0.875,0.125,0.0,0.5
Seq_391,0.125,0.0,0.875,0.0,0.875,0.75,0.0,0.125,0.0,0.125,0.875,0.875,0.125,0.0,0.5
Seq_392,0.125,0.125,0.75,0.125,0.625,0.625,0.125,0.125,0.125,0.125,0.75,0.625,0.25,0.0,0.5
Seq_393,0.125,0.125,0.75,0.375,0.375,0.25,0.0,0.125,0.125,0.125,0.75,0.5,0.125,0.0,0.625
Seq_394,0.0,0.0,1.0,0.25,0.75,0.5,0.125,0.125,0.0,0.0,1.0,0.875,0.125,0.125,0.625
Seq_395,0.25,0.0,0.75,0.25,0.5,0.5,0.25,0.0,0.0,0.25,0.75,0.625,0.5,0.0,0.375
Seq_396,0.25,0.125,0.625,0.0,0.625,0.5,0.0,0.125,0.125,0.25,0.625,0.5,0.25,0.0,0.375
Seq_397,0.125,0.0,0.875,0.25,0.5,0.5,0.125,0.125,0.0,0.125,0.875,0.5,0.375,0.0,0.375
Seq_398,0.0,0.0,1.0,0.5,0.375,0.25,0.125,0.125,0.0,0.0,1.0,0.625,0.25,0.125,0.625
Seq_399,0.0,0.0,1.0,0.375,0.5,0.25,0.0,0.25,0.0,0.0,1.0,0.5,0.125,0.0,0.5
Seq_400,0.0,0.0,1.0,0.375,0.5,0.25,0.0,0.25,0.0,0.0,1.0,0.625,0.125,0.0,0.375
Seq_401,0.0,0.0,1.0,0.25,0.625,0.375,0.125,0.25,0.0,0.0,1.0,0.75,0.25,0.0,0.5
Seq_402,0.0,0.0,1.0,0.25,0.625,0.375,0.25,0.25,0.0,0.0,1.0,0.75,0.375,0.0,0.625
Seq_403,0.0,0.125,0.875,0.375,0.375,0.125,0.125,0.25,0.125,0.0,0.875,0.5,0.25,0.0,0.625
Seq_404,0.0,0.0,1.0,0.25,0.625,0.375,0.125,0.25,0.0,0.0,1.0,0.625,0.25,0.0,0.375
Seq_405,0.0,0.0,1.0,0.375,0.5,0.25,0.125,0.25,0.0,0.0,1.0,0.625,0.25,0.0,0.625
Seq_406,0.0,0.0,1.0,0.5,0.375,0.25,0.125,0.125,0.0,0.0,1.0,0.5,0.25,0.0,0.625
Seq_407,0.0,0.0,1.0,0.5,0.375,0.25,0.125,0.25,0.0,0.0,1.0,0.5,0.25,0.0,0.5
Seq_408,0.0,0.0,1.0,0.5,0.5,0.25,0.125,0.25,0.0,0.0,1.0,0.75,0.125,0.0,0.5
Seq_409,0.0,0.0,1.0,0.5,0.5,0.25,0.125,0.375,0.0,0.0,1.0,0.625,0.125,0.0,0.375
Seq_410,0.125,0.0,0.875,0.375,0.375,0.375,0.125,0.125,0.0,0.125,0.875,0.375,0.375,0.0,0.5
Seq_411,0.125,0.125,0.75,0.25,0.25,0.25,0.0,0.0,0.125,0.125,0.75,0.375,0.375,0.0,0.5
Seq_412,0.0,0.0,1.0,0.375,0.375,0.375,0.125,0.125,0.0,0.0,1.0,0.375,0.375,0.0,0.625
Seq_413,0.0,0.0,1.0,0.5,0.375,0.375,0.0,0.125,0.0,0.0,1.0,0.375,0.125,0.0,0.375
Seq_414,0.0,0.0,1.0,0.5,0.375,0.375,0.125,0.125,0.0,0.0,1.0,0.375,0.25,0.0,0.625
Seq_415,0.0,0.125,0.875,0.5,0.25,0.25,0.125,0.125,0.125,0.0,0.875,0.25,0.25,0.0,0.375
Seq_416,0.0,0.0,1.0,0.5,0.375,0.375,0.125,0.125,0.0,0.0,1.0,0.375,0.25,0.0,0.375
Seq_417,0.0,0.125,0.875,0.375,0.375,0.375,0.125,0.125,0.125,0.0,0.875,0.375,0.25,0.0,0.5
Seq_418,0.0,0.0,1.0,0.375,0.5,0.5,0.125,0.125,0.0,0.0,1.0,0.5,0.25,0.0,0.5
Seq_419,0.0,0.0,1.0,0.375,0.5,0.5,0.25,0.125,0.0,0.0,1.0,0.5,0.375,0.0,0.625
Seq_420,0.0,0.0,1.0,0.5,0.25,0.25,0.125,0.125,0.0,0.0,1.0,0.25,0.375,0.0,0.625
Seq_421,0.0,0.0,1.0,0.5,0.375,0.375,0.125,0.125,0.0,0.0,1.0,0.375,0.25,0.0,0.625
Seq_422,0.0,0.0,1.0,0.625,0.25,0.25,0.0,0.125,0.0,0.0,1.0,0.375,0.125,0.0,0.5
Seq_423,0.0,0.0,1.0,0.5,0.375,0.25,0.125,0.25,0.0,0.0,1.0,0.5,0.25,0.0,0.5
Seq_424,0.0,0.0,1.0,0.375,0.5,0.25,0.125,0.25,0.0,0.0,1.0,0.75,0.25,0.0,0.5
Seq_425,0.0,0.0,1.0,0.375,0.5,0.375,0.125,0.125,0.0,0.0,1.0,0.75,0.25,0.0,0.5
Seq_426,0.125,0.0,0.875,0.75,0.125,0.125,0.0,0.125,0.0,0.125,0.875,0.5,0.125,0.25,0.75
Seq_427,0.0,0.0,1.0,0.375,0.5,0.25,0.125,0.375,0.0,0.0,1.0,0.625,0.25,0.0,0.375
Seq_428,0.0,0.125,0.875,0.125,0.75,0.75,0.0,0.125,0.125,0.0,0.875,0.625,0.0,0.0,0.5
Seq_429,0.125,0.0,0.875,0.125,0.75,0.75,0.125,0.0,0.0,0.125,0.875,0.625,0.25,0.0,0.5
Seq_430,0.0,0.25,0.75,0.125,0.625,0.5,0.0,0.125,0.25,0.0,0.75,0.75,0.0,0.125,0.625
Seq_431,0.0,0.0,1.0,0.375,0.625,0.625,0.0,0.125,0.0,0.0,1.0,0.625,0.0,0.0,0.5
Seq_432,0.25,0.125,0.625,0.125,0.375,0.375,0.0,0.0,0.125,0.25,0.625,0.375,0.375,0.0,0.375
Seq_433,0.125,0.0,0.875,0.125,0.625,0.625,0.0,0.0,0.0,0.125,0.875,0.75,0.25,0.0,0.625
Seq_434,0.0,0.25,0.75,0.25,0.5,0.5,0.0,0.0,0.25,0.0,0.75,0.625,0.0,0.0,0.625
Seq_435,0.0,0.5,0.5,0.0,0.5,0.5,0.0,0.0,0.5,0.0,0.5,0.5,0.0,0.0,0.5
Seq_436,0.0,0.125,0.875,0.375,0.5,0.375,0.0,0.0,0.125,0.0,0.875,0.625,0.0,0.25,0.5
Seq_437,0.0,0.25,0.75,0.125,0.375,0.25,0.0,0.125,0.25,0.0,0.75,0.5,0.25,0.125,0.375
Seq_438,0.0,0.25,0.75,0.125,0.5,0.25,0.0,0.125,0.25,0.0,0.75,0.625,0.125,0.25,0.75
Seq_439,0.0,0.25,0.75,0.25,0.5,0.375,0.0,0.0,0.25,0.0,0.75,0.5,0.0,0.25,0.5
Seq_440,0.0,0.625,0.375,0.125,0.25,0.25,0.0,0.125,0.625,0.0,0.375,0.125,0.0,0.0,0.625
Seq_441,0.0,0.5,0.5,0.125,0.375,0.25,0.0,0.125,0.5,0.0,0.5,0.375,0.0,0.0,0.625
Seq_442,0.0,0.625,0.375,0.0,0.375,0.375,0.0,0.0,0.625,0.0,0.375,0.25,0.0,0.0,0.5
Seq_443,0.125,0.125,0.75,0.125,0.625,0.375,0.0,0.125,0.125,0.125,0.75,0.625,0.125,0.25,0.5
Seq_444,0.0,0.25,0.75,0.0,0.75,0.75,0.0,0.0,0.25,0.0,0.75,0.75,0.0,0.0,0.75
Seq_445,0.0,0.375,0.625,0.0,0.625,0.625,0.0,0.0,0.375,0.0,0.625,0.625,0.0,0.0,0.375
Seq_446,0.125,0.125,0.75,0.125,0.625,0.375,0.0,0.0,0.125,0.125,0.75,0.75,0.125,0.25,0.625
Seq_447,0.125,0.375,0.5,0.25,0.25,0.25,0.0,0.125,0.375,0.125,0.5,0.25,0.125,0.0,0.375
Seq_448,0.0,0.25,0.75,0.125,0.625,0.625,0.0,0.0,0.25,0.0,0.75,0.75,0.0,0.0,0.75
Seq_449,0.0,0.375,0.625,0.125,0.375,0.375,0.0,0.0,0.375,0.0,0.625,0.375,0.125,0.0,0.625
Seq_450,0.0,0.25,0.75,0.125,0.625,0.5,0.0,0.0,0.25,0.0,0.75,0.75,0.0,0.125,0.75
Seq_451,0.125,0.125,0.75,0.25,0.5,0.25,0.0,0.25,0.125,0.125,0.75,0.5,0.125,0.0,0.625
Seq_452,0.0,0.25,0.75,0.375,0.375,0.375,0.0,0.125,0.25,0.0,0.75,0.375,0.0,0.0,0.75
Seq_453,0.0,0.5,0.5,0.375,0.125,0.125,0.0,0.125,0.5,0.0,0.5,0.125,0.0,0.0,0.625
Seq_454,0.125,0.25,0.625,0.375,0.25,0.25,0.0,0.0,0.25,0.125,0.625,0.25,0.125,0.0,0.375
Seq_455,0.0,0.375,0.625,0.125,0.5,0.5,0.0,0.0,0.375,0.0,0.625,0.625,0.0,0.0,0.375
Seq_456,0.125,0.5,0.375,0.0,0.375,0.375,0.0,0.0,0.5,0.125,0.375,0.375,0.125,0.0,0.5
Seq_457,0.0,0.5,0.5,0.125,0.375,0.25,0.0,0.0,0.5,0.0,0.5,0.5,0.0,0.125,0.375
Seq_458,0.125,0.375,0.5,0.125,0.375,0.375,0.0,0.0,0.375,0.125,0.5,0.375,0.125,0.0,0.125
Seq_459,0.0,0.375,0.625,0.0,0.625,0.5,0.125,0.0,0.375,0.0,0.625,0.625,0.125,0.125,0.375
Seq_460,0.125,0.125,0.75,0.0,0.75,0.75,0.0,0.0,0.125,0.125,0.75,0.625,0.125,0.0,0.5
Seq_461,0.0,0.375,0.625,0.0,0.625,0.625,0.125,0.0,0.375,0.0,0.625,0.625,0.125,0.0,0.25
Seq_462,0.125,0.375,0.5,0.125,0.375,0.25,0.0,0.125,0.375,0.125,0.5,0.375,0.125,0.0,0.25
Seq_463,0.0,0.25,0.75,0.0,0.625,0.625,0.125,0.0,0.25,0.0,0.75,0.625,0.25,0.0,0.5
Seq_464,0.25,0.125,0.625,0.125,0.5,0.375,0.0,0.125,0.125,0.25,0.625,0.5,0.25,0.0,0.25
Seq_465,0.125,0.125,0.75,0.25,0.5,0.5,0.0,0.0,0.125,0.125,0.75,0.75,0.125,0.0,0.625
Seq_466,0.125,0.25,0.625,0.25,0.375,0.375,0.0,0.0,0.25,0.125,0.625,0.5,0.125,0.0,0.25
Seq_467,0.125,0.25,0.625,0.25,0.375,0.375,0.0,0.0,0.25,0.125,0.625,0.375,0.125,0.0,0.25
Seq_468,0.0,0.25,0.75,0.25,0.5,0.5,0.125,0.0,0.25,0.0,0.75,0.25,0.125,0.0,0.625
Seq_469,0.125,0.375,0.5,0.125,0.375,0.25,0.0,0.25,0.375,0.125,0.5,0.25,0.125,0.0,0.25
Seq_470,0.0,0.25,0.75,0.125,0.625,0.5,0.125,0.125,0.25,0.0,0.75,0.625,0.125,0.0,0.375
Seq_471,0.0,0.25,0.75,0.125,0.625,0.5,0.0,0.125,0.25,0.0,0.75,0.625,0.0,0.0,0.5
Seq_472,0.0,0.125,0.875,0.25,0.625,0.5,0.0,0.125,0.125,0.0,0.875,0.75,0.0,0.0,0.125
Seq_473,0.125,0.0,0.875,0.125,0.625,0.5,0.125,0.125,0.0,0.125,0.875,0.625,0.375,0.0,0.25
Seq_474,0.125,0.0,0.875,0.25,0.625,0.5,0.125,0.125,0.0,0.125,0.875,0.625,0.25,0.0,0.25
Seq_475,0.25,0.25,0.5,0.25,0.25,0.0,0.0,0.125,0.25,0.25,0.5,0.375,0.25,0.125,0.125
Seq_476,0.125,0.0,0.875,0.25,0.5,0.375,0.125,0.125,0.0,0.125,0.875,0.625,0.375,0.0,0.5
Seq_477,0.0,0.125,0.875,0.375,0.5,0.25,0.0,0.375,0.125,0.0,0.875,0.25,0.0,0.0,0.625
Seq_478,0.0,0.125,0.875,0.0,0.875,0.625,0.0,0.0,0.125,0.0,0.875,0.75,0.0,0.25,0.625
Seq_479,0.0,0.0,1.0,0.125,0.875,0.875,0.0,0.0,0.0,0.0,1.0,0.875,0.0,0.125,0.75
Seq_480,0.125,0.25,0.625,0.125,0.5,0.375,0.0,0.0,0.25,0.125,0.625,0.375,0.125,0.125,0.5
Seq_481,0.0,0.125,0.875,0.25,0.625,0.5,0.0,0.125,0.125,0.0,0.875,0.625,0.0,0.0,0.5
Seq_482,0.0,0.125,0.875,0.25,0.625,0.5,0.0,0.125,0.125,0.0,0.875,0.625,0.0,0.0,0.5
Seq_483,0.25,0.125,0.625,0.125,0.5,0.25,0.0,0.25,0.125,0.25,0.625,0.375,0.25,0.0,0.375
Seq_484,0.0,0.0,1.0,0.25,0.75,0.75,0.0,0.0,0.0,0.0,1.0,0.625,0.0,0.0,0.5
Seq_485,0.0,0.0,1.0,0.0,1.0,0.625,0.125,0.0,0.0,0.0,1.0,0.75,0.125,0.375,0.625
Seq_486,0.25,0.0,0.75,0.125,0.625,0.5,0.0,0.0,0.0,0.25,0.75,0.5,0.25,0.125,0.5
Seq_487,0.125,0.125,0.75,0.25,0.5,0.375,0.0,0.375,0.125,0.125,0.75,0.25,0.125,0.0,0.25
Seq_488,0.125,0.125,0.75,0.125,0.625,0.5,0.0,0.125,0.125,0.125,0.75,0.5,0.125,0.0,0.5
Seq_489,0.0,0.125,0.875,0.25,0.5,0.375,0.0,0.125,0.125,0.0,0.875,0.5,0.125,0.0,0.625
Seq_490,0.125,0.0,0.875,0.25,0.625,0.625,0.0,0.0,0.0,0.125,0.875,0.625,0.125,0.125,0.75
Seq_491,0.0,0.25,0.75,0.125,0.625,0.5,0.125,0.125,0.25,0.0,0.75,0.625,0.125,0.0,0.375
Seq_492,0.125,0.375,0.5,0.25,0.25,0.125,0.0,0.125,0.375,0.125,0.5,0.25,0.125,0.125,0.375
Seq_493,0.0,0.25,0.75,0.25,0.5,0.25,0.0,0.5,0.25,0.0,0.75,0.375,0.0,0.0,0.25
Seq_494,0.125,0.125,0.75,0.0,0.75,0.75,0.0,0.0,0.125,0.125,0.75,0.625,0.125,0.0,0.375
Seq_495,0.0,0.25,0.75,0.25,0.5,0.5,0.0,0.0,0.25,0.0,0.75,0.625,0.0,0.0,0.625
Seq_496,0.0,0.125,0.875,0.375,0.5,0.5,0.0,0.125,0.125,0.0,0.875,0.375,0.0,0.0,0.375
Seq_497,0.125,0.25,0.625,0.125,0.5,0.375,0.0,0.0,0.25,0.125,0.625,0.5,0.125,0.125,0.125
Seq_498,0.375,0.125,0.5,0.125,0.375,0.375,0.0,0.0,0.125,0.375,0.5,0.5,0.375,0.125,0.125
Seq_499,0.0,0.25,0.75,0.375,0.375,0.375,0.0,0.0,0.25,0.0,0.75,0.625,0.0,0.0,0.375
Seq_500,0.125,0.125,0.75,0.125,0.625,0.625,0.0,0.0,0.125,0.125,0.75,0.625,0.125,0.125,0.75
Seq_501,0.25,0.0,0.75,0.375,0.375,0.375,0.0,0.25,0.0,0.25,0.75,0.375,0.25,0.0,0.25
Seq_502,0.125,0.375,0.5,0.0,0.5,0.375,0.0,0.125,0.375,0.125,0.5,0.375,0.125,0.0,0.375
Seq_503,0.125,0.375,0.5,0.25,0.25,0.125,0.0,0.0,0.375,0.125,0.5,0.25,0.125,0.125,0.375
Seq_504,0.125,0.0,0.875,0.5,0.375,0.375,0.0,0.25,0.0,0.125,0.875,0.375,0.125,0.0,0.375
Seq_505,0.125,0.125,0.75,0.125,0.625,0.5,0.0,0.25,0.125,0.125,0.75,0.5,0.125,0.0,0.375
Seq_506,0.0,0.25,0.75,0.0,0.625,0.375,0.0,0.125,0.25,0.0,0.75,0.625,0.125,0.125,0.375
Seq_507,0.0,0.125,0.875,0.25,0.625,0.375,0.125,0.25,0.125,0.0,0.875,0.875,0.125,0.125,0.625
Seq_508,0.0,0.125,0.875,0.0,0.75,0.75,0.0,0.0,0.125,0.0,0.875,0.75,0.125,0.0,0.5
Seq_509,0.125,0.25,0.625,0.0,0.625,0.625,0.0,0.0,0.25,0.125,0.625,0.5,0.125,0.0,0.25
Seq_510,0.125,0.125,0.75,0.0,0.75,0.625,0.125,0.125,0.125,0.125,0.75,0.75,0.25,0.0,0.625
Seq_511,0.125,0.25,0.625,0.25,0.375,0.25,0.0,0.0,0.25,0.125,0.625,0.375,0.125,0.125,0.0
Seq_512,0.0,0.375,0.625,0.125,0.5,0.375,0.0,0.25,0.375,0.0,0.625,0.5,0.0,0.0,0.25
Seq_513,0.0,0.25,0.75,0.125,0.5,0.375,0.0,0.0,0.25,0.0,0.75,0.5,0.125,0.125,0.25
Seq_514,0.0,0.0,1.0,0.5,0.375,0.375,0.0,0.0,0.0,0.0,1.0,0.5,0.125,0.0,0.5
Seq_515,0.0,0.25,0.75,0.375,0.375,0.25,0.0,0.0,0.25,0.0,0.75,0.5,0.0,0.125,0.375
Seq_516,0.0,0.0,1.0,0.375,0.5,0.5,0.0,0.125,0.0,0.0,1.0,0.625,0.125,0.0,0.625
Seq_517,0.125,0.25,0.625,0.125,0.5,0.375,0.0,0.0,0.25,0.125,0.625,0.5,0.125,0.125,0.25
Seq_518,0.0,0.25,0.75,0.125,0.625,0.375,0.0,0.125,0.25,0.0,0.75,0.625,0.0,0.125,0.5
Seq_519,0.125,0.125,0.75,0.125,0.5,0.375,0.0,0.0,0.125,0.125,0.75,0.375,0.25,0.125,0.5
Seq_520,0.125,0.125,0.75,0.125,0.375,0.375,0.0,0.0,0.125,0.125,0.75,0.375,0.375,0.0,0.5
Seq_521,0.0,0.0,1.0,0.125,0.75,0.75,0.0,0.0,0.0,0.0,1.0,0.75,0.125,0.0,0.75
Seq_522,0.0,0.125,0.875,0.5,0.25,0.25,0.0,0.0,0.125,0.0,0.875,0.5,0.125,0.0,0.5
Seq_523,0.0,0.125,0.875,0.125,0.625,0.625,0.0,0.0,0.125,0.0,0.875,0.5,0.125,0.0,0.5
Seq_524,0.0,0.25,0.75,0.125,0.625,0.5,0.125,0.125,0.25,0.0,0.75,0.75,0.125,0.0,0.625
Seq_525,0.125,0.25,0.625,0.125,0.5,0.25,0.125,0.125,0.25,0.125,0.625,0.625,0.25,0.125,0.375
Seq_526,0.0,0.375,0.625,0.125,0.5,0.5,0.125,0.0,0.375,0.0,0.625,0.5,0.125,0.0,0.375
Seq_527,0.0,0.125,0.875,0.375,0.5,0.375,0.125,0.25,0.125,0.0,0.875,0.375,0.125,0.0,0.625
Seq_528,0.125,0.0,0.875,0.125,0.75,0.5,0.125,0.25,0.0,0.125,0.875,0.75,0.25,0.0,0.375
Seq_529,0.125,0.0,0.875,0.25,0.625,0.375,0.125,0.125,0.0,0.125,0.875,0.625,0.25,0.25,0.25
Seq_530,0.0,0.25,0.75,0.125,0.625,0.5,0.125,0.0,0.25,0.0,0.75,0.5,0.125,0.125,0.625
Seq_531,0.25,0.0,0.75,0.375,0.375,0.25,0.125,0.0,0.0,0.25,0.75,0.5,0.375,0.125,0.5
Seq_532,0.125,0.125,0.75,0.125,0.625,0.5,0.125,0.125,0.125,0.125,0.75,0.625,0.25,0.0,0.375
Seq_533,0.125,0.125,0.75,0.125,0.5,0.375,0.25,0.0,0.125,0.125,0.75,0.5,0.5,0.125,0.5
Seq_534,0.125,0.25,0.625,0.125,0.5,0.5,0.125,0.0,0.25,0.125,0.625,0.625,0.25,0.0,0.375
Seq_535,0.0,0.125,0.875,0.125,0.75,0.5,0.125,0.25,0.125,0.0,0.875,0.875,0.125,0.0,0.625
Seq_536,0.0,0.125,0.875,0.125,0.75,0.75,0.25,0.0,0.125,0.0,0.875,0.875,0.25,0.0,0.625
Seq_537,0.0,0.375,0.625,0.25,0.375,0.25,0.25,0.25,0.375,0.0,0.625,0.375,0.25,0.0,0.375
Seq_538,0.0,0.125,0.875,0.375,0.5,0.5,0.0,0.125,0.125,0.0,0.875,0.375,0.0,0.0,0.375
Seq_539,0.0,0.25,0.75,0.375,0.375,0.25,0.125,0.25,0.25,0.0,0.75,0.375,0.125,0.0,0.125
Seq_540,0.0,0.25,0.75,0.25,0.375,0.375,0.0,0.0,0.25,0.0,0.75,0.375,0.125,0.0,0.5
Seq_541,0.25,0.125,0.625,0.5,0.125,0.125,0.0,0.0,0.125,0.25,0.625,0.125,0.25,0.0,0.375
Seq_542,0.125,0.25,0.625,0.0,0.625,0.5,0.0,0.125,0.25,0.125,0.625,0.625,0.125,0.0,0.5
Seq_543,0.125,0.25,0.625,0.0,0.5,0.25,0.0,0.125,0.25,0.125,0.625,0.5,0.25,0.125,0.5
Seq_544,0.5,0.125,0.375,0.125,0.25,0.25,0.0,0.125,0.125,0.5,0.375,0.125,0.5,0.0,0.125
Seq_545,0.25,0.0,0.75,0.25,0.5,0.5,0.0,0.0,0.0,0.25,0.75,0.375,0.25,0.125,0.5
Seq_546,0.375,0.0,0.625,0.125,0.5,0.375,0.0,0.125,0.0,0.375,0.625,0.5,0.375,0.0,0.375
Seq_547,0.125,0.0,0.875,0.25,0.625,0.625,0.0,0.0,0.0,0.125,0.875,0.875,0.125,0.125,0.5
Seq_548,0.0,0.375,0.625,0.5,0.125,0.125,0.0,0.125,0.375,0.0,0.625,0.125,0.0,0.0,0.375
Seq_549,0.0,0.25,0.75,0.375,0.25,0.25,0.0,0.125,0.25,0.0,0.75,0.25,0.125,0.0,0.375
Seq_550,0.0,0.5,0.5,0.125,0.25,0.125,0.0,0.0,0.5,0.0,0.5,0.25,0.125,0.125,0.375
Seq_551,0.125,0.25,0.625,0.125,0.5,0.25,0.0,0.25,0.25,0.125,0.625,0.5,0.125,0.0,0.375
Seq_552,0.125,0.125,0.75,0.25,0.5,0.375,0.0,0.25,0.125,0.125,0.75,0.375,0.125,0.0,0.375
Seq_553,0.125,0.125,0.75,0.125,0.625,0.375,0.125,0.125,0.125,0.125,0.75,0.625,0.25,0.125,0.375
Seq_554,0.0,0.125,0.875,0.375,0.375,0.25,0.0,0.25,0.125,0.0,0.875,0.25,0.125,0.0,0.5
Seq_555,0.0,0.25,0.75,0.25,0.5,0.5,0.0,0.0,0.25,0.0,0.75,0.5,0.0,0.0,0.25
Seq_556,0.0,0.125,0.875,0.375,0.5,0.375,0.0,0.125,0.125,0.0,0.875,0.5,0.0,0.0,0.5
Seq_557,0.125,0.0,0.875,0.5,0.375,0.125,0.0,0.25,0.0,0.125,0.875,0.5,0.125,0.0,0.5
Seq_558,0.125,0.125,0.75,0.375,0.375,0.375,0.0,0.125,0.125,0.125,0.75,0.375,0.125,0.0,0.5
Seq_559,0.0,0.125,0.875,0.375,0.5,0.5,0.0,0.25,0.125,0.0,0.875,0.375,0.0,0.0,0.5
Seq_560,0.0,0.125,0.875,0.625,0.25,0.25,0.0,0.25,0.125,0.0,0.875,0.25,0.0,0.0,0.5
Seq_561,0.125,0.125,0.75,0.125,0.625,0.5,0.0,0.0,0.125,0.125,0.75,0.5,0.125,0.125,0.5
Seq_562,0.0,0.25,0.75,0.125,0.625,0.375,0.0,0.125,0.25,0.0,0.75,0.75,0.0,0.125,0.5
Seq_563,0.125,0.125,0.75,0.125,0.625,0.625,0.0,0.0,0.125,0.125,0.75,0.5,0.125,0.0,0.5
Seq_564,0.0,0.125,0.875,0.625,0.25,0.25,0.0,0.0,0.125,0.0,0.875,0.5,0.0,0.0,0.75
Seq_565,0.125,0.25,0.625,0.125,0.5,0.5,0.0,0.0,0.25,0.125,0.625,0.5,0.125,0.0,0.625
Seq_566,0.25,0.125,0.625,0.25,0.375,0.375,0.0,0.0,0.125,0.25,0.625,0.5,0.25,0.0,0.5
Seq_567,0.0,0.125,0.875,0.125,0.75,0.5,0.0,0.25,0.125,0.0,0.875,0.875,0.0,0.0,0.625
Seq_568,0.0,0.125,0.875,0.125,0.625,0.5,0.0,0.125,0.125,0.0,0.875,0.75,0.125,0.0,0.625
Seq_569,0.0,0.25,0.75,0.0,0.75,0.5,0.0,0.25,0.25,0.0,0.75,0.75,0.0,0.0,0.625
Seq_570,0.0,0.125,0.875,0.125,0.5,0.375,0.0,0.25,0.125,0.0,0.875,0.5,0.25,0.0,0.5
Seq_571,0.0,0.125,0.875,0.125,0.75,0.75,0.0,0.0,0.125,0.0,0.875,0.625,0.0,0.0,0.375
Seq_572,0.125,0.25,0.625,0.0,0.625,0.375,0.0,0.125,0.25,0.125,0.625,0.625,0.125,0.125,0.125
Seq_573,0.125,0.0,0.875,0.25,0.5,0.375,0.0,0.25,0.0,0.125,0.875,0.5,0.25,0.0,0.375
Seq_574,0.0,0.375,0.625,0.25,0.25,0.125,0.0,0.375,0.375,0.0,0.625,0.25,0.125,0.0,0.125
Seq_575,0.0,0.125,0.875,0.5,0.375,0.375,0.0,0.125,0.125,0.0,0.875,0.625,0.0,0.0,0.375
Seq_576,0.0,0.125,0.875,0.375,0.375,0.375,0.0,0.125,0.125,0.0,0.875,0.375,0.125,0.0,0.25
Seq_577,0.0,0.125,0.875,0.0,0.875,0.875,0.0,0.0,0.125,0.0,0.875,0.875,0.0,0.0,0.625
Seq_578,0.0,0.0,1.0,0.125,0.875,0.75,0.0,0.125,0.0,0.0,1.0,1.0,0.0,0.125,0.375
Seq_579,0.0,0.375,0.625,0.0,0.5,0.375,0.0,0.125,0.375,0.0,0.625,0.5,0.125,0.0,0.375
Seq_580,0.0,0.375,0.625,0.0,0.625,0.625,0.0,0.0,0.375,0.0,0.625,0.625,0.0,0.0,0.625
Seq_581,0.0,0.125,0.875,0.125,0.625,0.375,0.0,0.25,0.125,0.0,0.875,0.625,0.125,0.0,0.5
Seq_582,0.125,0.25,0.625,0.25,0.375,0.375,0.0,0.125,0.25,0.125,0.625,0.5,0.125,0.0,0.5
Seq_583,0.0,0.125,0.875,0.25,0.625,0.5,0.0,0.0,0.125,0.0,0.875,0.75,0.0,0.125,0.625
Seq_584,0.0,0.125,0.875,0.25,0.625,0.625,0.125,0.25,0.125,0.0,0.875,0.5,0.125,0.0,0.5
Seq_585,0.0,0.625,0.375,0.125,0.25,0.125,0.0,0.0,0.625,0.0,0.375,0.25,0.0,0.125,0.25
Seq_586,0.0,0.5,0.5,0.0,0.5,0.5,0.0,0.0,0.5,0.0,0.5,0.375,0.0,0.0,0.5
Seq_587,0.0,0.375,0.625,0.25,0.375,0.375,0.0,0.0,0.375,0.0,0.625,0.375,0.0,0.0,0.25
Seq_588,0.0,0.25,0.75,0.125,0.5,0.25,0.0,0.125,0.25,0.0,0.75,0.5,0.125,0.125,0.375
Seq_589,0.0,0.125,0.875,0.125,0.75,0.5,0.0,0.25,0.125,0.0,0.875,0.625,0.0,0.0,0.375
Seq_590,0.0,0.125,0.875,0.125,0.75,0.625,0.0,0.125,0.125,0.0,0.875,0.875,0.0,0.0,0.75
Seq_591,0.0,0.0,1.0,0.0,0.75,0.5,0.0,0.25,0.0,0.0,1.0,0.625,0.25,0.0,0.625
Seq_592,0.0,0.25,0.75,0.125,0.625,0.375,0.0,0.25,0.25,0.0,0.75,0.625,0.0,0.0,0.625
Seq_593,0.0,0.0,1.0,0.125,0.875,0.75,0.0,0.125,0.0,0.0,1.0,0.875,0.0,0.0,0.75
Seq_594,0.0,0.25,0.75,0.0,0.75,0.75,0.125,0.0,0.25,0.0,0.75,0.5,0.125,0.0,0.875
Seq_595,0.125,0.125,0.75,0.125,0.625,0.625,0.0,0.125,0.125,0.125,0.75,0.5,0.125,0.0,0.625
Seq_596,0.125,0.0,0.875,0.125,0.75,0.5,0.0,0.125,0.0,0.125,0.875,0.625,0.125,0.125,0.625
Seq_597,0.125,0.125,0.75,0.0,0.75,0.75,0.0,0.0,0.125,0.125,0.75,0.625,0.125,0.0,0.5
Seq_598,0.0,0.25,0.75,0.125,0.625,0.625,0.0,0.0,0.25,0.0,0.75,0.75,0.0,0.0,0.75
Seq_599,0.0,0.25,0.75,0.125,0.625,0.625,0.0,0.0,0.25,0.0,0.75,0.625,0.0,0.0,0.625
Seq_600,0.0,0.375,0.625,0.125,0.5,0.25,0.0,0.125,0.375,0.0,0.625,0.5,0.0,0.125,0.25
Seq_601,0.0,0.25,0.75,0.0,0.75,0.75,0.0,0.0,0.25,0.0,0.75,0.75,0.0,0.0,0.625
Seq_602,0.0,0.125,0.875,0.125,0.75,0.75,0.0,0.0,0.125,0.0,0.875,0.625,0.0,0.0,0.625
Seq_603,0.0,0.25,0.75,0.125,0.625,0.5,0.0,0.125,0.25,0.0,0.75,0.625,0.0,0.0,0.25
Seq_604,0.125,0.25,0.625,0.125,0.5,0.5,0.25,0.0,0.25,0.125,0.625,0.5,0.375,0.0,0.5
Seq_605,0.125,0.25,0.625,0.125,0.5,0.375,0.0,0.0,0.25,0.125,0.625,0.5,0.125,0.125,0.125
Seq_606,0.125,0.125,0.75,0.0,0.75,0.75,0.0,0.0,0.125,0.125,0.75,0.625,0.125,0.0,0.375
Seq_607,0.125,0.25,0.625,0.0,0.625,0.625,0.0,0.0,0.25,0.125,0.625,0.625,0.125,0.0,0.375
Seq_608,0.0,0.5,0.5,0.0,0.5,0.375,0.0,0.0,0.5,0.0,0.5,0.375,0.0,0.125,0.5
Seq_609,0.0,0.375,0.625,0.125,0.5,0.375,0.0,0.125,0.375,0.0,0.625,0.5,0.0,0.125,0.375
Seq_610,0.0,0.25,0.75,0.0,0.5,0.5,0.0,0.0,0.25,0.0,0.75,0.5,0.25,0.0,0.75
Seq_611,0.0,0.25,0.75,0.125,0.625,0.625,0.0,0.0,0.25,0.0,0.75,0.5,0.0,0.0,0.5
Seq_612,0.0,0.125,0.875,0.125,0.5,0.375,0.0,0.125,0.125,0.0,0.875,0.5,0.25,0.0,0.5
Seq_613,0.125,0.125,0.75,0.125,0.5,0.375,0.0,0.0,0.125,0.125,0.75,0.625,0.25,0.125,0.5
Seq_614,0.0,0.125,0.875,0.25,0.625,0.375,0.0,0.0,0.125,0.0,0.875,0.75,0.0,0.25,0.5
Seq_615,0.0,0.125,0.875,0.125,0.75,0.75,0.125,0.0,0.125,0.0,0.875,0.75,0.125,0.0,0.875
Seq_616,0.0,0.375,0.625,0.0,0.625,0.5,0.0,0.125,0.375,0.0,0.625,0.5,0.0,0.0,0.5
Seq_617,0.0,0.125,0.875,0.125,0.625,0.5,0.0,0.125,0.125,0.0,0.875,0.625,0.125,0.0,0.625
Seq_618,0.0,0.25,0.75,0.0,0.75,0.75,0.0,0.0,0.25,0.0,0.75,0.75,0.0,0.0,0.75
Seq_619,0.0,0.0,1.0,0.0,1.0,0.875,0.125,0.125,0.0,0.0,1.0,0.875,0.125,0.0,0.625
Seq_620,0.125,0.375,0.5,0.125,0.375,0.375,0.0,0.125,0.375,0.125,0.5,0.375,0.125,0.0,0.5
Seq_621,0.0,0.125,0.875,0.25,0.375,0.375,0.0,0.0,0.125,0.0,0.875,0.625,0.25,0.25,0.5
Seq_622,0.0,0.375,0.625,0.375,0.25,0.25,0.0,0.0,0.375,0.0,0.625,0.5,0.0,0.25,0.25
Seq_623,0.0,0.125,0.875,0.25,0.625,0.5,0.0,0.125,0.125,0.0,0.875,0.875,0.0,0.125,0.75
Seq_624,0.0,0.125,0.875,0.375,0.5,0.5,0.0,0.125,0.125,0.0,0.875,0.625,0.0,0.125,0.5
Seq_625,0.0,0.25,0.75,0.25,0.5,0.375,0.0,0.125,0.25,0.0,0.75,0.625,0.0,0.125,0.25
Seq_626,0.0,0.25,0.75,0.25,0.5,0.375,0.0,0.125,0.25,0.0,0.75,0.75,0.0,0.125,0.25
Seq_627,0.0,0.125,0.875,0.25,0.5,0.5,0.0,0.125,0.125,0.0,0.875,0.625,0.125,0.125,0.75
Seq_628,0.0,0.25,0.75,0.125,0.625,0.5,0.125,0.125,0.25,0.0,0.75,0.75,0.125,0.125,0.375
Seq_629,0.0,0.25,0.75,0.375,0.375,0.25,0.0,0.25,0.25,0.0,0.75,0.625,0.0,0.25,0.25
Seq_630,0.0,0.25,0.75,0.125,0.5,0.25,0.0,0.25,0.25,0.0,0.75,0.5,0.125,0.0,0.5
Seq_631,0.0,0.125,0.875,0.25,0.625,0.375,0.0,0.25,0.125,0.0,0.875,0.75,0.0,0.125,0.625
Seq_632,0.0,0.875,0.125,0.0,0.125,0.125,0.0,0.0,0.875,0.0,0.125,0.125,0.0,0.0,0.625
Seq_633,0.0,0.375,0.625,0.125,0.375,0.125,0.0,0.25,0.375,0.0,0.625,0.375,0.125,0.0,0.5
Seq_634,0.0,0.375,0.625,0.25,0.375,0.25,0.0,0.25,0.375,0.0,0.625,0.5,0.0,0.125,0.5
Seq_635,0.0,0.625,0.375,0.0,0.375,0.375,0.0,0.0,0.625,0.0,0.375,0.375,0.0,0.0,0.375
Seq_636,0.0,0.25,0.75,0.125,0.625,0.5,0.125,0.125,0.25,0.0,0.75,0.625,0.125,0.0,0.75
Seq_637,0.0,0.625,0.375,0.125,0.25,0.25,0.0,0.0,0.625,0.0,0.375,0.375,0.0,0.125,0.375
Seq_638,0.0,0.375,0.625,0.125,0.5,0.25,0.0,0.25,0.375,0.0,0.625,0.5,0.0,0.125,0.125
Seq_639,0.0,0.5,0.5,0.125,0.375,0.375,0.0,0.0,0.5,0.0,0.5,0.375,0.0,0.0,0.5
Seq_640,0.125,0.25,0.625,0.0,0.5,0.375,0.0,0.125,0.25,0.125,0.625,0.5,0.25,0.0,0.5
Seq_641,0.125,0.125,0.75,0.125,0.625,0.5,0.125,0.125,0.125,0.125,0.75,0.625,0.25,0.0,0.5
Seq_642,0.0,0.25,0.75,0.25,0.5,0.375,0.0,0.125,0.25,0.0,0.75,0.5,0.0,0.0,0.375
Seq_643,0.0,0.125,0.875,0.125,0.75,0.5,0.0,0.125,0.125,0.0,0.875,0.75,0.0,0.125,0.5
Seq_644,0.0,0.125,0.875,0.25,0.625,0.5,0.0,0.125,0.125,0.0,0.875,0.75,0.0,0.0,0.625
Seq_645,0.0,0.375,0.625,0.125,0.5,0.375,0.0,0.125,0.375,0.0,0.625,0.375,0.0,0.0,0.5
Seq_646,0.0,0.25,0.75,0.125,0.625,0.5,0.0,0.25,0.25,0.0,0.75,0.5,0.0,0.0,0.25
Seq_647,0.25,0.25,0.5,0.0,0.5,0.25,0.125,0.25,0.25,0.25,0.5,0.5,0.375,0.0,0.375
Seq_648,0.0,0.25,0.75,0.125,0.625,0.5,0.125,0.0,0.25,0.0,0.75,0.75,0.125,0.125,0.5
Seq_649,0.0,0.25,0.75,0.25,0.375,0.375,0.0,0.0,0.25,0.0,0.75,0.375,0.125,0.0,0.625
Seq_650,0.0,0.375,0.625,0.0,0.625,0.625,0.0,0.0,0.375,0.0,0.625,0.625,0.0,0.0,0.625
Seq_651,0.0,0.375,0.625,0.25,0.375,0.375,0.0,0.0,0.375,0.0,0.625,0.5,0.0,0.0,0.75
Seq_652,0.0,0.625,0.375,0.125,0.25,0.25,0.0,0.125,0.625,0.0,0.375,0.25,0.0,0.0,0.25
Seq_653,0.0,0.25,0.75,0.125,0.5,0.5,0.0,0.0,0.25,0.0,0.75,0.625,0.125,0.125,0.5
Seq_654,0.0,0.125,0.875,0.0,0.625,0.5,0.0,0.125,0.125,0.0,0.875,0.625,0.25,0.0,0.5
Seq_655,0.0,0.125,0.875,0.25,0.5,0.5,0.0,0.0,0.125,0.0,0.875,0.625,0.125,0.0,0.5
Seq_656,0.0,0.25,0.75,0.125,0.5,0.5,0.0,0.0,0.25,0.0,0.75,0.375,0.125,0.0,0.75
Seq_657,0.0,0.125,0.875,0.25,0.625,0.625,0.0,0.0,0.125,0.0,0.875,0.625,0.0,0.0,0.5
Seq_658,0.0,0.125,0.875,0.5,0.25,0.25,0.0,0.125,0.125,0.0,0.875,0.375,0.125,0.0,0.5
Seq_659,0.0,0.125,0.875,0.0,0.875,0.5,0.0,0.375,0.125,0.0,0.875,0.875,0.0,0.0,0.375
Seq_660,0.125,0.25,0.625,0.0,0.625,0.625,0.0,0.0,0.25,0.125,0.625,0.5,0.125,0.0,0.625
Seq_661,0.0,0.375,0.625,0.0,0.625,0.5,0.25,0.125,0.375,0.0,0.625,0.5,0.25,0.0,0.5
Seq_662,0.0,0.25,0.75,0.25,0.5,0.5,0.0,0.0,0.25,0.0,0.75,0.625,0.0,0.0,0.375
Seq_663,0.0,0.25,0.75,0.125,0.5,0.25,0.0,0.0,0.25,0.0,0.75,0.5,0.125,0.25,0.5
Seq_664,0.0,0.25,0.75,0.375,0.375,0.125,0.0,0.25,0.25,0.0,0.75,0.625,0.0,0.0,0.5
Seq_665,0.0,0.25,0.75,0.375,0.375,0.375,0.0,0.125,0.25,0.0,0.75,0.375,0.0,0.0,0.625
Seq_666,0.0,0.25,0.75,0.125,0.625,0.5,0.0,0.125,0.25,0.0,0.75,0.75,0.0,0.0,0.5
Seq_667,0.0,0.125,0.875,0.125,0.625,0.5,0.0,0.0,0.125,0.0,0.875,0.75,0.125,0.125,0.625
Seq_668,0.125,0.375,0.5,0.0,0.5,0.5,0.0,0.0,0.375,0.125,0.5,0.5,0.125,0.0,0.625
Seq_669,0.0,0.375,0.625,0.125,0.5,0.5,0.0,0.0,0.375,0.0,0.625,0.5,0.0,0.0,0.625
Seq_670,0.0,0.25,0.75,0.125,0.5,0.5,0.0,0.125,0.25,0.0,0.75,0.5,0.125,0.0,0.5
Seq_671,0.0,0.25,0.75,0.125,0.625,0.625,0.0,0.0,0.25,0.0,0.75,0.5,0.0,0.0,0.75
Seq_672,0.0,0.375,0.625,0.0,0.5,0.25,0.0,0.125,0.375,0.0,0.625,0.5,0.125,0.125,0.375
Seq_673,0.0,0.25,0.75,0.125,0.625,0.625,0.0,0.125,0.25,0.0,0.75,0.5,0.0,0.0,0.375
Seq_674,0.0,0.125,0.875,0.25,0.625,0.625,0.0,0.0,0.125,0.0,0.875,0.75,0.0,0.125,0.625
Seq_675,0.0,0.25,0.75,0.25,0.5,0.375,0.0,0.0,0.25,0.0,0.75,0.5,0.0,0.125,0.125
Seq_676,0.0,0.25,0.75,0.125,0.5,0.5,0.0,0.0,0.25,0.0,0.75,0.5,0.125,0.0,0.5
Seq_677,0.25,0.375,0.375,0.25,0.125,0.125,0.0,0.125,0.375,0.25,0.375,0.125,0.25,0.0,0.25
Seq_678,0.0,0.625,0.375,0.125,0.25,0.25,0.0,0.0,0.625,0.0,0.375,0.375,0.0,0.0,0.625
Seq_679,0.0,0.375,0.625,0.125,0.5,0.25,0.0,0.25,0.375,0.0,0.625,0.5,0.0,0.0,0.375
Seq_680,0.0,0.375,0.625,0.125,0.5,0.375,0.0,0.125,0.375,0.0,0.625,0.625,0.0,0.0,0.5
Seq_681,0.0,0.375,0.625,0.0,0.625,0.5,0.0,0.125,0.375,0.0,0.625,0.625,0.0,0.0,0.5
Seq_682,0.0,0.5,0.5,0.125,0.375,0.375,0.0,0.0,0.5,0.0,0.5,0.375,0.0,0.0,0.25
Seq_683,0.0,0.625,0.375,0.0,0.375,0.375,0.0,0.0,0.625,0.0,0.375,0.375,0.0,0.0,0.25
Seq_684,0.0,0.375,0.625,0.0,0.625,0.5,0.0,0.125,0.375,0.0,0.625,0.625,0.0,0.0,0.125
Seq_685,0.0,0.25,0.75,0.125,0.625,0.5,0.0,0.125,0.25,0.0,0.75,0.625,0.0,0.0,0.375
Seq_686,0.0,0.375,0.625,0.0,0.625,0.625,0.0,0.0,0.375,0.0,0.625,0.625,0.0,0.0,0.25
Seq_687,0.0,0.375,0.625,0.0,0.5,0.375,0.0,0.125,0.375,0.0,0.625,0.5,0.125,0.0,0.5
Seq_688,0.125,0.625,0.25,0.0,0.25,0.25,0.0,0.0,0.625,0.125,0.25,0.125,0.125,0.0,0.375
Seq_689,0.0,0.375,0.625,0.0,0.625,0.375,0.0,0.25,0.375,0.0,0.625,0.5,0.0,0.0,0.5
Seq_690,0.0,0.25,0.75,0.0,0.75,0.75,0.0,0.0,0.25,0.0,0.75,0.625,0.0,0.0,0.5
Seq_691,0.0,0.25,0.75,0.0,0.75,0.625,0.0,0.125,0.25,0.0,0.75,0.75,0.0,0.0,0.375
Seq_692,0.0,0.25,0.75,0.0,0.75,0.625,0.0,0.125,0.25,0.0,0.75,0.625,0.0,0.0,0.75
Seq_693,0.0,0.375,0.625,0.125,0.5,0.5,0.0,0.0,0.375,0.0,0.625,0.375,0.0,0.0,0.625
Seq_694,0.125,0.375,0.5,0.0,0.5,0.375,0.0,0.125,0.375,0.125,0.5,0.375,0.125,0.0,0.25
Seq_695,0.0,0.25,0.75,0.125,0.625,0.5,0.0,0.0,0.25,0.0,0.75,0.625,0.0,0.25,0.625
Seq_696,0.125,0.25,0.625,0.125,0.5,0.375,0.0,0.25,0.25,0.125,0.625,0.375,0.125,0.0,0.375
Seq_697,0.0,0.25,0.75,0.375,0.375,0.375,0.0,0.125,0.25,0.0,0.75,0.5,0.0,0.0,0.25
Seq_698,0.125,0.375,0.5,0.0,0.5,0.375,0.0,0.125,0.375,0.125,0.5,0.5,0.125,0.0,0.25
Seq_699,0.0,0.5,0.5,0.0,0.5,0.5,0.0,0.0,0.5,0.0,0.5,0.5,0.0,0.0,0.5
Seq_700,0.0,0.375,0.625,0.25,0.375,0.375,0.0,0.0,0.375,0.0,0.625,0.375,0.0,0.0,0.5
Seq_701,0.0,0.25,0.75,0.125,0.5,0.375,0.0,0.0,0.25,0.0,0.75,0.5,0.125,0.125,0.375
Seq_702,0.0,0.375,0.625,0.0,0.625,0.5,0.0,0.0,0.375,0.0,0.625,0.5,0.0,0.125,0.125
Seq_703,0.0,0.25,0.75,0.0,0.75,0.5,0.0,0.125,0.25,0.0,0.75,0.625,0.0,0.125,0.125
Seq_704,0.0,0.125,0.875,0.125,0.625,0.625,0.125,0.125,0.125,0.0,0.875,0.625,0.25,0.0,0.375
Seq_705,0.0,0.125,0.875,0.125,0.75,0.75,0.0,0.0,0.125,0.0,0.875,0.75,0.0,0.0,0.5
Seq_706,0.125,0.375,0.5,0.0,0.5,0.375,0.0,0.125,0.375,0.125,0.5,0.375,0.125,0.0,0.375
Seq_707,0.125,0.25,0.625,0.25,0.375,0.375,0.0,0.125,0.25,0.125,0.625,0.375,0.125,0.125,0.25
Seq_708,0.0,0.375,0.625,0.125,0.5,0.25,0.0,0.125,0.375,0.0,0.625,0.5,0.0,0.125,0.5
Seq_709,0.125,0.375,0.5,0.125,0.25,0.125,0.0,0.0,0.375,0.125,0.5,0.25,0.25,0.125,0.25
Seq_710,0.125,0.375,0.5,0.125,0.375,0.25,0.0,0.0,0.375,0.125,0.5,0.5,0.125,0.125,0.125
Seq_711,0.125,0.625,0.25,0.125,0.0,0.0,0.0,0.0,0.625,0.125,0.25,0.0,0.25,0.0,0.375
Seq_712,0.0,0.25,0.75,0.0,0.625,0.5,0.0,0.125,0.25,0.0,0.75,0.625,0.125,0.0,0.375
Seq_713,0.0,0.25,0.75,0.25,0.375,0.375,0.0,0.0,0.25,0.0,0.75,0.625,0.125,0.0,0.625
Seq_714,0.0,0.25,0.75,0.25,0.5,0.125,0.0,0.25,0.25,0.0,0.75,0.5,0.0,0.25,0.375
Seq_715,0.0,0.25,0.75,0.125,0.625,0.5,0.0,0.125,0.25,0.0,0.75,0.75,0.0,0.0,0.25
Seq_716,0.0,0.5,0.5,0.125,0.375,0.375,0.0,0.0,0.5,0.0,0.5,0.5,0.0,0.0,0.625
Seq_717,0.0,0.25,0.75,0.0,0.75,0.75,0.0,0.0,0.25,0.0,0.75,0.75,0.0,0.0,0.5
Seq_718,0.0,0.25,0.75,0.125,0.625,0.5,0.0,0.0,0.25,0.0,0.75,0.625,0.0,0.125,0.375
Seq_719,0.125,0.375,0.5,0.125,0.375,0.375,0.0,0.0,0.375,0.125,0.5,0.25,0.125,0.0,0.5
Seq_720,0.0,0.25,0.75,0.125,0.625,0.5,0.0,0.125,0.25,0.0,0.75,0.625,0.0,0.0,0.5
Seq_721,0.0,0.25,0.75,0.125,0.625,0.5,0.125,0.125,0.25,0.0,0.75,0.625,0.125,0.125,0.25
Seq_722,0.0,0.375,0.625,0.0,0.5,0.5,0.0,0.0,0.375,0.0,0.625,0.5,0.125,0.0,0.375
Seq_723,0.0,0.25,0.75,0.25,0.5,0.375,0.125,0.125,0.25,0.0,0.75,0.625,0.125,0.125,0.5
Seq_724,0.0,0.125,0.875,0.125,0.75,0.75,0.0,0.125,0.125,0.0,0.875,0.75,0.0,0.0,0.625
Seq_725,0.0,0.125,0.875,0.375,0.375,0.25,0.0,0.25,0.125,0.0,0.875,0.5,0.125,0.0,0.375
Seq_726,0.0,0.25,0.75,0.0,0.75,0.5,0.0,0.25,0.25,0.0,0.75,0.625,0.0,0.0,0.375
Seq_727,0.0,0.125,0.875,0.125,0.75,0.5,0.0,0.25,0.125,0.0,0.875,0.625,0.0,0.0,0.625
Seq_728,0.125,0.125,0.75,0.25,0.5,0.125,0.0,0.375,0.125,0.125,0.75,0.5,0.125,0.125,0.25
Seq_729,0.0,0.125,0.875,0.125,0.75,0.625,0.0,0.125,0.125,0.0,0.875,0.75,0.0,0.0,0.5
Seq_730,0.0,0.125,0.875,0.375,0.5,0.375,0.0,0.125,0.125,0.0,0.875,0.625,0.0,0.0,0.375
Seq_731,0.0,0.125,0.875,0.0,0.875,0.625,0.0,0.125,0.125,0.0,0.875,0.75,0.0,0.125,0.625
Seq_732,0.0,0.0,1.0,0.375,0.625,0.5,0.0,0.25,0.0,0.0,1.0,0.625,0.0,0.0,0.25
Seq_733,0.0,0.375,0.625,0.25,0.25,0.125,0.0,0.25,0.375,0.0,0.625,0.25,0.125,0.0,0.375
Seq_734,0.0,0.375,0.625,0.0,0.625,0.625,0.0,0.0,0.375,0.0,0.625,0.5,0.0,0.0,0.5
Seq_735,0.0,0.25,0.75,0.125,0.625,0.5,0.0,0.125,0.25,0.0,0.75,0.625,0.0,0.0,0.625
Seq_736,0.0,0.125,0.875,0.125,0.75,0.75,0.0,0.0,0.125,0.0,0.875,0.75,0.0,0.125,0.75
Seq_737,0.0,0.25,0.75,0.125,0.625,0.625,0.0,0.0,0.25,0.0,0.75,0.5,0.0,0.0,0.75
Seq_738,0.0,0.25,0.75,0.25,0.5,0.5,0.0,0.125,0.25,0.0,0.75,0.375,0.0,0.0,0.625
Seq_739,0.0,0.0,1.0,0.0,1.0,1.0,0.0,0.0,0.0,0.0,1.0,0.75,0.0,0.0,0.625
Seq_740,0.0,0.25,0.75,0.0,0.75,0.625,0.0,0.125,0.25,0.0,0.75,0.375,0.0,0.0,0.625
Seq_741,0.0,0.125,0.875,0.125,0.75,0.75,0.0,0.0,0.125,0.0,0.875,0.625,0.0,0.125,0.625
Seq_742,0.0,0.25,0.75,0.25,0.375,0.375,0.0,0.0,0.25,0.0,0.75,0.5,0.125,0.0,0.875
Seq_743,0.0,0.25,0.75,0.375,0.375,0.25,0.0,0.0,0.25,0.0,0.75,0.375,0.0,0.125,0.625
Seq_744,0.0,0.25,0.75,0.25,0.5,0.25,0.0,0.375,0.25,0.0,0.75,0.5,0.0,0.0,0.375
Seq_745,0.0,0.375,0.625,0.0,0.625,0.5,0.0,0.125,0.375,0.0,0.625,0.5,0.0,0.0,0.625
Seq_746,0.0,0.375,0.625,0.0,0.625,0.5,0.0,0.125,0.375,0.0,0.625,0.5,0.0,0.0,0.625
Seq_747,0.0,0.125,0.875,0.125,0.75,0.5,0.0,0.25,0.125,0.0,0.875,0.625,0.0,0.0,0.5
Seq_748,0.0,0.625,0.375,0.0,0.375,0.375,0.0,0.0,0.625,0.0,0.375,0.25,0.0,0.0,0.375
Seq_749,0.0,0.5,0.5,0.25,0.25,0.125,0.0,0.125,0.5,0.0,0.5,0.25,0.0,0.0,0.25
Seq_750,0.0,0.25,0.75,0.125,0.625,0.625,0.0,0.125,0.25,0.0,0.75,0.5,0.0,0.0,0.5
Seq_751,0.0,0.125,0.875,0.125,0.75,0.375,0.0,0.375,0.125,0.0,0.875,0.75,0.0,0.0,0.625
Seq_752,0.0,0.125,0.875,0.125,0.75,0.625,0.0,0.125,0.125,0.0,0.875,0.5,0.0,0.0,0.5
Seq_753,0.0,0.125,0.875,0.125,0.75,0.375,0.0,0.25,0.125,0.0,0.875,0.75,0.0,0.125,0.375
Seq_754,0.0,0.125,0.875,0.125,0.75,0.375,0.0,0.375,0.125,0.0,0.875,0.625,0.0,0.0,0.625
Seq_755,0.0,0.0,1.0,0.125,0.875,0.625,0.125,0.25,0.0,0.0,1.0,0.75,0.125,0.0,0.375
Seq_756,0.0,0.125,0.875,0.375,0.5,0.375,0.0,0.125,0.125,0.0,0.875,0.25,0.0,0.0,0.625
Seq_757,0.125,0.25,0.625,0.25,0.375,0.25,0.0,0.125,0.25,0.125,0.625,0.25,0.125,0.0,0.375
Seq_758,0.125,0.125,0.75,0.25,0.5,0.375,0.0,0.25,0.125,0.125,0.75,0.25,0.125,0.0,0.375
Seq_759,0.0,0.25,0.75,0.0,0.75,0.625,0.0,0.0,0.25,0.0,0.75,0.625,0.0,0.125,0.375
Seq_760,0.0,0.375,0.625,0.125,0.5,0.5,0.0,0.0,0.375,0.0,0.625,0.5,0.0,0.0,0.25
Seq_761,0.0,0.125,0.875,0.25,0.625,0.625,0.0,0.0,0.125,0.0,0.875,0.5,0.0,0.0,0.375
Seq_762,0.0,0.125,0.875,0.25,0.625,0.5,0.0,0.125,0.125,0.0,0.875,0.75,0.0,0.0,0.625
Seq_763,0.0,0.25,0.75,0.125,0.625,0.625,0.0,0.0,0.25,0.0,0.75,0.5,0.0,0.0,0.625
Seq_764,0.0,0.0,1.0,0.5,0.5,0.375,0.0,0.125,0.0,0.0,1.0,0.5,0.0,0.125,0.375
Seq_765,0.0,0.0,1.0,0.375,0.625,0.375,0.0,0.25,0.0,0.0,1.0,0.625,0.0,0.0,0.5
Seq_766,0.125,0.125,0.75,0.25,0.5,0.5,0.0,0.0,0.125,0.125,0.75,0.625,0.125,0.0,0.625
Seq_767,0.0,0.125,0.875,0.0,0.875,0.75,0.0,0.125,0.125,0.0,0.875,0.5,0.0,0.0,0.75
Seq_768,0.0,0.25,0.75,0.0,0.75,0.75,0.0,0.0,0.25,0.0,0.75,0.625,0.0,0.0,0.75
Seq_769,0.0,0.5,0.5,0.125,0.375,0.375,0.0,0.0,0.5,0.0,0.5,0.25,0.0,0.0,0.375
Seq_770,0.0,0.125,0.875,0.25,0.625,0.625,0.0,0.0,0.125,0.0,0.875,0.5,0.0,0.0,0.5
Seq_771,0.0,0.25,0.75,0.0,0.625,0.625,0.125,0.0,0.25,0.0,0.75,0.5,0.25,0.0,0.75
Seq_772,0.0,0.0,1.0,0.125,0.75,0.5,0.0,0.25,0.0,0.0,1.0,0.5,0.125,0.0,0.5
Seq_773,0.125,0.125,0.75,0.0,0.75,0.625,0.0,0.125,0.125,0.125,0.75,0.375,0.125,0.0,0.5
Seq_774,0.0,0.25,0.75,0.25,0.5,0.25,0.0,0.375,0.25,0.0,0.75,0.5,0.0,0.125,0.375
Seq_775,0.0,0.125,0.875,0.25,0.625,0.5,0.0,0.375,0.125,0.0,0.875,0.5,0.0,0.0,0.25
Seq_776,0.125,0.375,0.5,0.25,0.25,0.25,0.0,0.0,0.375,0.125,0.5,0.5,0.125,0.0,0.75
Seq_777,0.25,0.375,0.375,0.125,0.25,0.125,0.0,0.125,0.375,0.25,0.375,0.25,0.25,0.0,0.25
Seq_778,0.125,0.375,0.5,0.0,0.5,0.375,0.0,0.0,0.375,0.125,0.5,0.375,0.125,0.125,0.25
Seq_779,0.125,0.25,0.625,0.0,0.5,0.5,0.0,0.0,0.25,0.125,0.625,0.5,0.25,0.0,0.375
Seq_780,0.125,0.125,0.75,0.125,0.625,0.5,0.0,0.125,0.125,0.125,0.75,0.5,0.125,0.0,0.25
Seq_781,0.125,0.25,0.625,0.125,0.5,0.5,0.0,0.0,0.25,0.125,0.625,0.5,0.125,0.125,0.5
Seq_782,0.25,0.125,0.625,0.25,0.375,0.375,0.0,0.125,0.125,0.25,0.625,0.375,0.25,0.0,0.25
Seq_783,0.125,0.25,0.625,0.0,0.625,0.5,0.0,0.0,0.25,0.125,0.625,0.625,0.125,0.125,0.375
Seq_784,0.125,0.125,0.75,0.25,0.5,0.375,0.0,0.25,0.125,0.125,0.75,0.5,0.125,0.0,0.25
Seq_785,0.125,0.25,0.625,0.0,0.625,0.5,0.125,0.125,0.25,0.125,0.625,0.625,0.25,0.0,0.25
Seq_786,0.125,0.125,0.75,0.375,0.25,0.125,0.0,0.125,0.125,0.125,0.75,0.375,0.25,0.0,0.375
Seq_787,0.125,0.125,0.75,0.125,0.625,0.625,0.0,0.125,0.125,0.125,0.75,0.5,0.125,0.0,0.5
Seq_788,0.125,0.0,0.875,0.125,0.75,0.75,0.0,0.125,0.0,0.125,0.875,0.75,0.125,0.0,0.375
Seq_789,0.0,0.0,1.0,0.125,0.75,0.75,0.0,0.0,0.0,0.0,1.0,0.875,0.125,0.0,0.75
Seq_790,0.125,0.375,0.5,0.25,0.25,0.25,0.0,0.125,0.375,0.125,0.5,0.375,0.125,0.125,0.25
Seq_791,0.0,0.375,0.625,0.0,0.625,0.5,0.0,0.125,0.375,0.0,0.625,0.625,0.0,0.0,0.125
Seq_792,0.0,0.375,0.625,0.125,0.5,0.375,0.0,0.125,0.375,0.0,0.625,0.625,0.0,0.0,0.25
Seq_793,0.0,0.125,0.875,0.0,0.875,0.75,0.0,0.0,0.125,0.0,0.875,0.625,0.0,0.125,0.5
Seq_794,0.125,0.125,0.75,0.25,0.5,0.5,0.0,0.0,0.125,0.125,0.75,0.625,0.125,0.125,0.375
Seq_795,0.125,0.125,0.75,0.125,0.625,0.625,0.0,0.0,0.125,0.125,0.75,0.375,0.125,0.0,0.5
Seq_796,0.0,0.25,0.75,0.0,0.75,0.625,0.125,0.125,0.25,0.0,0.75,0.75,0.125,0.0,0.375
Seq_797,0.0,0.25,0.75,0.25,0.5,0.5,0.0,0.0,0.25,0.0,0.75,0.375,0.0,0.0,0.375
Seq_798,0.0,0.25,0.75,0.125,0.625,0.375,0.0,0.0,0.25,0.0,0.75,0.625,0.0,0.25,0.5
Seq_799,0.0,0.0,1.0,0.25,0.75,0.75,0.0,0.0,0.0,0.0,1.0,0.75,0.0,0.0,0.375
Seq_800,0.0,0.125,0.875,0.125,0.625,0.5,0.0,0.125,0.125,0.0,0.875,0.75,0.125,0.0,0.5
Seq_801,0.0,0.25,0.75,0.125,0.625,0.625,0.0,0.0,0.25,0.0,0.75,0.625,0.0,0.0,0.25
Seq_802,0.0,0.25,0.75,0.25,0.5,0.5,0.0,0.0,0.25,0.0,0.75,0.5,0.0,0.0,0.375
Seq_803,0.0,0.25,0.75,0.25,0.5,0.5,0.0,0.0,0.25,0.0,0.75,0.625,0.0,0.0,0.5
Seq_804,0.0,0.0,1.0,0.375,0.625,0.625,0.0,0.125,0.0,0.0,1.0,0.375,0.0,0.0,0.5
Seq_805,0.0,0.125,0.875,0.125,0.625,0.375,0.125,0.125,0.125,0.0,0.875,0.625,0.25,0.125,0.5
Seq_806,0.0,0.25,0.75,0.125,0.625,0.5,0.0,0.125,0.25,0.0,0.75,0.625,0.0,0.0,0.5
Seq_807,0.0,0.125,0.875,0.125,0.625,0.5,0.0,0.0,0.125,0.0,0.875,0.75,0.125,0.125,0.5
Seq_808,0.0,0.125,0.875,0.25,0.625,0.5,0.0,0.0,0.125,0.0,0.875,0.75,0.0,0.125,0.5
Seq_809,0.0,0.125,0.875,0.375,0.375,0.375,0.0,0.25,0.125,0.0,0.875,0.375,0.125,0.0,0.5
Seq_810,0.125,0.0,0.875,0.125,0.75,0.5,0.125,0.125,0.0,0.125,0.875,0.75,0.25,0.125,0.625
Seq_811,0.0,0.25,0.75,0.0,0.75,0.625,0.0,0.125,0.25,0.0,0.75,0.625,0.0,0.0,0.5
Seq_812,0.0,0.0,1.0,0.0,1.0,0.875,0.0,0.0,0.0,0.0,1.0,0.875,0.0,0.125,0.25
Seq_813,0.0,0.25,0.75,0.125,0.625,0.5,0.0,0.125,0.25,0.0,0.75,0.5,0.0,0.0,0.5
Seq_814,0.0,0.25,0.75,0.125,0.5,0.5,0.0,0.125,0.25,0.0,0.75,0.5,0.125,0.0,0.625
Seq_815,0.0,0.25,0.75,0.25,0.5,0.5,0.0,0.0,0.25,0.0,0.75,0.625,0.0,0.125,0.25
Seq_816,0.0,0.125,0.875,0.125,0.625,0.625,0.0,0.0,0.125,0.0,0.875,0.75,0.125,0.125,0.375
Seq_817,0.0,0.25,0.75,0.125,0.5,0.5,0.0,0.0,0.25,0.0,0.75,0.375,0.125,0.0,0.625
Seq_818,0.125,0.25,0.625,0.0,0.625,0.625,0.125,0.0,0.25,0.125,0.625,0.5,0.25,0.0,0.375
Seq_819,0.0,0.25,0.75,0.125,0.625,0.5,0.0,0.125,0.25,0.0,0.75,0.75,0.0,0.0,0.25
Seq_820,0.125,0.125,0.75,0.125,0.625,0.625,0.0,0.0,0.125,0.125,0.75,0.625,0.125,0.0,0.375
Seq_821,0.0,0.0,1.0,0.125,0.75,0.625,0.0,0.125,0.0,0.0,1.0,0.75,0.125,0.0,0.375
Seq_822,0.0,0.125,0.875,0.125,0.625,0.5,0.0,0.125,0.125,0.0,0.875,0.625,0.125,0.0,0.25
Seq_823,0.125,0.25,0.625,0.0,0.5,0.5,0.0,0.0,0.25,0.125,0.625,0.5,0.25,0.0,0.125
Seq_824,0.0,0.125,0.875,0.25,0.5,0.5,0.0,0.125,0.125,0.0,0.875,0.625,0.125,0.125,0.375
Seq_825,0.125,0.0,0.875,0.25,0.625,0.5,0.0,0.0,0.0,0.125,0.875,0.75,0.125,0.125,0.125
Seq_826,0.0,0.125,0.875,0.25,0.625,0.5,0.0,0.125,0.125,0.0,0.875,0.625,0.0,0.125,0.25
Seq_827,0.0,0.125,0.875,0.0,0.875,0.625,0.0,0.0,0.125,0.0,0.875,0.75,0.0,0.25,0.5
Seq_828,0.0,0.25,0.75,0.125,0.625,0.625,0.25,0.0,0.25,0.0,0.75,0.625,0.25,0.0,0.5
Seq_829,0.125,0.125,0.75,0.125,0.5,0.5,0.0,0.0,0.125,0.125,0.75,0.5,0.25,0.0,0.375
Seq_830,0.125,0.125,0.75,0.125,0.625,0.5,0.0,0.125,0.125,0.125,0.75,0.625,0.125,0.0,0.125
Seq_831,0.0,0.125,0.875,0.375,0.5,0.5,0.125,0.125,0.125,0.0,0.875,0.5,0.125,0.0,0.25
Seq_832,0.0,0.125,0.875,0.25,0.625,0.625,0.0,0.0,0.125,0.0,0.875,0.625,0.0,0.0,0.5
Seq_833,0.0,0.25,0.75,0.125,0.625,0.5,0.0,0.125,0.25,0.0,0.75,0.625,0.0,0.0,0.5
Seq_834,0.125,0.375,0.5,0.0,0.5,0.375,0.125,0.125,0.375,0.125,0.5,0.5,0.25,0.0,0.5
Seq_835,0.25,0.0,0.75,0.25,0.5,0.375,0.0,0.125,0.0,0.25,0.75,0.625,0.25,0.0,0.375
Seq_836,0.0,0.25,0.75,0.125,0.5,0.375,0.0,0.125,0.25,0.0,0.75,0.5,0.125,0.0,0.375
Seq_837,0.125,0.0,0.875,0.25,0.625,0.625,0.125,0.125,0.0,0.125,0.875,0.75,0.25,0.0,0.375
Seq_838,0.0,0.125,0.875,0.375,0.5,0.5,0.0,0.125,0.125,0.0,0.875,0.75,0.0,0.0,0.5
Seq_839,0.0,0.0,1.0,0.5,0.5,0.5,0.0,0.25,0.0,0.0,1.0,0.75,0.0,0.0,0.5
Seq_840,0.125,0.0,0.875,0.375,0.5,0.375,0.0,0.125,0.0,0.125,0.875,0.75,0.125,0.375,0.375
Seq_841,0.125,0.25,0.625,0.0,0.625,0.375,0.0,0.125,0.25,0.125,0.625,0.625,0.125,0.125,0.25
Seq_842,0.0,0.375,0.625,0.0,0.625,0.375,0.0,0.125,0.375,0.0,0.625,0.625,0.0,0.125,0.375
Seq_843,0.125,0.375,0.5,0.125,0.375,0.25,0.0,0.0,0.375,0.125,0.5,0.5,0.125,0.125,0.375
Seq_844,0.0,0.25,0.75,0.125,0.625,0.5,0.125,0.0,0.25,0.0,0.75,0.625,0.125,0.125,0.375
Seq_845,0.0,0.125,0.875,0.125,0.75,0.375,0.125,0.125,0.125,0.0,0.875,0.75,0.125,0.25,0.125
Seq_846,0.0,0.25,0.75,0.25,0.375,0.0,0.0,0.125,0.25,0.0,0.75,0.5,0.125,0.375,0.375
Seq_847,0.0,0.5,0.5,0.0,0.375,0.375,0.0,0.0,0.5,0.0,0.5,0.375,0.125,0.0,0.25
Seq_848,0.0,0.25,0.75,0.125,0.5,0.375,0.0,0.0,0.25,0.0,0.75,0.5,0.125,0.125,0.375
Seq_849,0.0,0.125,0.875,0.125,0.625,0.625,0.0,0.0,0.125,0.0,0.875,0.75,0.125,0.0,0.375
Seq_850,0.0,0.125,0.875,0.125,0.625,0.5,0.125,0.125,0.125,0.0,0.875,0.625,0.25,0.0,0.5
Seq_851,0.0,0.375,0.625,0.0,0.5,0.25,0.0,0.25,0.375,0.0,0.625,0.5,0.125,0.0,0.625
Seq_852,0.125,0.25,0.625,0.125,0.375,0.25,0.0,0.125,0.25,0.125,0.625,0.375,0.25,0.0,0.5
Seq_853,0.0,0.125,0.875,0.125,0.625,0.375,0.0,0.25,0.125,0.0,0.875,0.5,0.125,0.0,0.375
Seq_854,0.0,0.0,1.0,0.25,0.625,0.375,0.0,0.25,0.0,0.0,1.0,0.375,0.125,0.0,0.625
Seq_855,0.25,0.125,0.625,0.0,0.5,0.375,0.125,0.125,0.125,0.25,0.625,0.5,0.5,0.0,0.375
Seq_856,0.0,0.0,1.0,0.0,0.875,0.875,0.0,0.0,0.0,0.0,1.0,0.625,0.125,0.0,0.75
Seq_857,0.125,0.125,0.75,0.0,0.625,0.5,0.0,0.125,0.125,0.125,0.75,0.625,0.25,0.0,0.5
Seq_858,0.125,0.125,0.75,0.0,0.5,0.375,0.0,0.125,0.125,0.125,0.75,0.5,0.375,0.0,0.375
Seq_859,0.0,0.0,1.0,0.25,0.5,0.5,0.0,0.0,0.0,0.0,1.0,0.5,0.25,0.0,0.75
Seq_860,0.0,0.125,0.875,0.125,0.625,0.625,0.0,0.0,0.125,0.0,0.875,0.625,0.125,0.0,0.625
Seq_861,0.0,0.25,0.75,0.25,0.375,0.25,0.0,0.125,0.25,0.0,0.75,0.5,0.125,0.0,0.5
Seq_862,0.0,0.125,0.875,0.125,0.75,0.625,0.25,0.125,0.125,0.0,0.875,0.875,0.25,0.125,0.625
Seq_863,0.0,0.125,0.875,0.375,0.5,0.5,0.125,0.0,0.125,0.0,0.875,0.75,0.125,0.125,0.625
Seq_864,0.0,0.25,0.75,0.375,0.375,0.375,0.125,0.0,0.25,0.0,0.75,0.5,0.125,0.125,0.5
Seq_865,0.0,0.25,0.75,0.125,0.625,0.5,0.125,0.25,0.25,0.0,0.75,0.5,0.125,0.0,0.375
Seq_866,0.125,0.625,0.25,0.0,0.25,0.25,0.125,0.0,0.625,0.125,0.25,0.25,0.25,0.0,0.375
Seq_867,0.0,0.25,0.75,0.25,0.5,0.375,0.125,0.0,0.25,0.0,0.75,0.5,0.125,0.125,0.375
Seq_868,0.0,0.125,0.875,0.0,0.875,0.875,0.25,0.0,0.125,0.0,0.875,0.875,0.25,0.0,0.5
Seq_869,0.125,0.125,0.75,0.0,0.75,0.625,0.125,0.125,0.125,0.125,0.75,0.625,0.25,0.0,0.25
Seq_870,0.0,0.25,0.75,0.125,0.625,0.625,0.125,0.0,0.25,0.0,0.75,0.625,0.125,0.0,0.5
Seq_871,0.0,0.125,0.875,0.125,0.75,0.5,0.125,0.125,0.125,0.0,0.875,0.75,0.125,0.125,0.5
Seq_872,0.0,0.125,0.875,0.375,0.5,0.375,0.125,0.25,0.125,0.0,0.875,0.5,0.125,0.0,0.5
Seq_873,0.0,0.0,1.0,0.125,0.875,0.625,0.125,0.25,0.0,0.0,1.0,0.75,0.125,0.0,0.375
Seq_874,0.0,0.25,0.75,0.125,0.625,0.625,0.125,0.0,0.25,0.0,0.75,0.625,0.125,0.0,0.5
Seq_875,0.0,0.375,0.625,0.125,0.5,0.5,0.125,0.0,0.375,0.0,0.625,0.5,0.125,0.0,0.625
Seq_876,0.0,0.25,0.75,0.25,0.5,0.5,0.125,0.125,0.25,0.0,0.75,0.625,0.125,0.0,0.5
Seq_877,0.0,0.0,1.0,0.0,0.875,0.75,0.125,0.125,0.0,0.0,1.0,0.625,0.25,0.0,0.625
Seq_878,0.0,0.25,0.75,0.0,0.75,0.75,0.125,0.0,0.25,0.0,0.75,0.75,0.125,0.0,0.625
Seq_879,0.0,0.25,0.75,0.125,0.625,0.625,0.125,0.0,0.25,0.0,0.75,0.625,0.125,0.0,0.5
Seq_880,0.0,0.25,0.75,0.375,0.375,0.25,0.125,0.0,0.25,0.0,0.75,0.375,0.125,0.125,0.125
Seq_881,0.0,0.0,1.0,0.125,0.875,0.75,0.125,0.125,0.0,0.0,1.0,0.75,0.125,0.125,0.5
Seq_882,0.0,0.25,0.75,0.0,0.625,0.5,0.125,0.0,0.25,0.0,0.75,0.625,0.25,0.125,0.5
Seq_883,0.0,0.0,1.0,0.5,0.5,0.375,0.125,0.0,0.0,0.0,1.0,0.625,0.125,0.125,0.375
Seq_884,0.0,0.0,1.0,0.125,0.75,0.5,0.125,0.125,0.0,0.0,1.0,0.75,0.25,0.125,0.5
Seq_885,0.0,0.25,0.75,0.25,0.375,0.375,0.125,0.125,0.25,0.0,0.75,0.375,0.25,0.0,0.375
Seq_886,0.0,0.25,0.75,0.0,0.75,0.75,0.25,0.0,0.25,0.0,0.75,0.75,0.25,0.0,0.25
Seq_887,0.0,0.125,0.875,0.25,0.625,0.625,0.125,0.0,0.125,0.0,0.875,0.625,0.125,0.0,0.375
Seq_888,0.125,0.125,0.75,0.25,0.5,0.5,0.125,0.0,0.125,0.125,0.75,0.5,0.25,0.0,0.375
Seq_889,0.0,0.0,1.0,0.25,0.625,0.625,0.125,0.0,0.0,0.0,1.0,0.625,0.25,0.0,0.5
Seq_890,0.0,0.125,0.875,0.125,0.75,0.5,0.25,0.125,0.125,0.0,0.875,0.75,0.25,0.125,0.75
Seq_891,0.0,0.0,1.0,0.125,0.875,0.75,0.125,0.125,0.0,0.0,1.0,0.875,0.125,0.0,0.875
Seq_892,0.0,0.125,0.875,0.125,0.75,0.75,0.125,0.0,0.125,0.0,0.875,0.75,0.125,0.0,0.5
Seq_893,0.0,0.125,0.875,0.125,0.75,0.625,0.125,0.0,0.125,0.0,0.875,0.75,0.125,0.125,0.5
Seq_894,0.0,0.5,0.5,0.125,0.375,0.375,0.125,0.0,0.5,0.0,0.5,0.375,0.125,0.0,0.375
Seq_895,0.0,0.125,0.875,0.125,0.75,0.625,0.25,0.125,0.125,0.0,0.875,0.75,0.25,0.0,0.75
Seq_896,0.125,0.125,0.75,0.125,0.625,0.625,0.125,0.0,0.125,0.125,0.75,0.75,0.25,0.0,0.5
Seq_897,0.0,0.25,0.75,0.125,0.625,0.5,0.125,0.125,0.25,0.0,0.75,0.75,0.125,0.0,0.875
Seq_898,0.0,0.125,0.875,0.125,0.75,0.75,0.125,0.125,0.125,0.0,0.875,0.625,0.125,0.0,0.625
Seq_899,0.0,0.125,0.875,0.0,0.875,0.625,0.125,0.125,0.125,0.0,0.875,0.875,0.125,0.125,0.625
Seq_900,0.0,0.125,0.875,0.0,0.875,0.75,0.125,0.125,0.125,0.0,0.875,0.75,0.125,0.0,0.5
Seq_901,0.0,0.25,0.75,0.375,0.375,0.375,0.0,0.125,0.25,0.0,0.75,0.375,0.0,0.0,0.375
Seq_902,0.0,0.125,0.875,0.25,0.625,0.625,0.0,0.0,0.125,0.0,0.875,0.75,0.0,0.0,0.625
Seq_903,0.0,0.375,0.625,0.125,0.5,0.5,0.0,0.0,0.375,0.0,0.625,0.5,0.0,0.0,0.625
Seq_904,0.0,0.25,0.75,0.25,0.5,0.375,0.0,0.125,0.25,0.0,0.75,0.5,0.0,0.0,0.5
Seq_905,0.125,0.375,0.5,0.25,0.25,0.125,0.0,0.0,0.375,0.125,0.5,0.25,0.125,0.125,0.0
Seq_906,0.0,0.25,0.75,0.375,0.375,0.25,0.0,0.125,0.25,0.0,0.75,0.5,0.0,0.0,0.375
Seq_907,0.0,0.0,1.0,0.25,0.75,0.5,0.0,0.25,0.0,0.0,1.0,0.75,0.0,0.0,0.375
Seq_908,0.0,0.125,0.875,0.375,0.5,0.375,0.0,0.25,0.125,0.0,0.875,0.375,0.0,0.0,0.375
Seq_909,0.0,0.0,1.0,0.25,0.75,0.75,0.0,0.0,0.0,0.0,1.0,0.75,0.0,0.0,0.5
Seq_910,0.0,0.25,0.75,0.25,0.5,0.5,0.0,0.0,0.25,0.0,0.75,0.5,0.0,0.0,0.125
Seq_911,0.0,0.125,0.875,0.25,0.625,0.625,0.0,0.0,0.125,0.0,0.875,0.625,0.0,0.0,0.25
Seq_912,0.0,0.0,1.0,0.25,0.5,0.5,0.0,0.0,0.0,0.0,1.0,0.625,0.25,0.0,0.75
Seq_913,0.0,0.0,1.0,0.25,0.75,0.375,0.0,0.125,0.0,0.0,1.0,0.75,0.0,0.25,0.125
Seq_914,0.0,0.375,0.625,0.5,0.125,0.125,0.0,0.125,0.375,0.0,0.625,0.125,0.0,0.0,0.0
Seq_915,0.0,0.0,1.0,0.375,0.5,0.5,0.0,0.0,0.0,0.0,1.0,0.5,0.125,0.0,0.5
Seq_916,0.0,0.0,1.0,0.375,0.625,0.625,0.0,0.0,0.0,0.0,1.0,0.75,0.0,0.0,0.625
Seq_917,0.0,0.125,0.875,0.25,0.625,0.625,0.0,0.0,0.125,0.0,0.875,0.625,0.0,0.0,0.625
Seq_918,0.0,0.125,0.875,0.25,0.625,0.5,0.0,0.25,0.125,0.0,0.875,0.5,0.0,0.0,0.25
Seq_919,0.0,0.125,0.875,0.625,0.25,0.25,0.0,0.25,0.125,0.0,0.875,0.375,0.0,0.125,0.75
Seq_920,0.0,0.125,0.875,0.375,0.5,0.5,0.0,0.0,0.125,0.0,0.875,0.625,0.0,0.0,0.5
Seq_921,0.0,0.25,0.75,0.25,0.5,0.125,0.0,0.375,0.25,0.0,0.75,0.5,0.0,0.0,0.25
Seq_922,0.0,0.375,0.625,0.125,0.5,0.375,0.0,0.125,0.375,0.0,0.625,0.375,0.0,0.0,0.25
Seq_923,0.0,0.25,0.75,0.25,0.5,0.375,0.0,0.0,0.25,0.0,0.75,0.5,0.0,0.125,0.375
Seq_924,0.0,0.125,0.875,0.125,0.75,0.5,0.0,0.25,0.125,0.0,0.875,0.75,0.0,0.0,0.375
Seq_925,0.125,0.125,0.75,0.375,0.375,0.25,0.0,0.125,0.125,0.125,0.75,0.5,0.125,0.0,0.375
Seq_926,0.125,0.25,0.625,0.25,0.375,0.25,0.0,0.25,0.25,0.125,0.625,0.375,0.125,0.0,0.25
Seq_927,0.0,0.0,1.0,0.125,0.875,0.75,0.0,0.125,0.0,0.0,1.0,0.75,0.0,0.0,0.5
Seq_928,0.0,0.125,0.875,0.375,0.5,0.25,0.0,0.125,0.125,0.0,0.875,0.5,0.0,0.25,0.5
Seq_929,0.0,0.0,1.0,0.125,0.75,0.625,0.0,0.125,0.0,0.0,1.0,0.625,0.125,0.0,0.75
Seq_930,0.125,0.375,0.5,0.25,0.25,0.25,0.0,0.0,0.375,0.125,0.5,0.25,0.125,0.0,0.625
Seq_931,0.0,0.25,0.75,0.375,0.375,0.375,0.0,0.0,0.25,0.0,0.75,0.375,0.0,0.0,0.625
Seq_932,0.0,0.125,0.875,0.125,0.625,0.5,0.0,0.125,0.125,0.0,0.875,0.5,0.125,0.0,0.5
Seq_933,0.125,0.0,0.875,0.25,0.625,0.5,0.0,0.0,0.0,0.125,0.875,0.75,0.125,0.125,0.375
Seq_934,0.0,0.25,0.75,0.25,0.375,0.25,0.0,0.125,0.25,0.0,0.75,0.5,0.125,0.125,0.5
Seq_935,0.0,0.375,0.625,0.125,0.5,0.375,0.0,0.125,0.375,0.0,0.625,0.5,0.0,0.0,0.25
Seq_936,0.0,0.125,0.875,0.25,0.625,0.375,0.0,0.25,0.125,0.0,0.875,0.625,0.0,0.125,0.125
Seq_937,0.0,0.25,0.75,0.25,0.5,0.5,0.0,0.125,0.25,0.0,0.75,0.5,0.0,0.0,0.375
Seq_938,0.0,0.125,0.875,0.125,0.625,0.625,0.0,0.0,0.125,0.0,0.875,0.625,0.125,0.0,0.625
Seq_939,0.0,0.125,0.875,0.5,0.25,0.25,0.0,0.25,0.125,0.0,0.875,0.375,0.125,0.0,0.375
Seq_940,0.0,0.0,1.0,0.125,0.875,0.75,0.125,0.125,0.0,0.0,1.0,0.875,0.125,0.0,0.5
Seq_941,0.0,0.125,0.875,0.125,0.625,0.25,0.0,0.25,0.125,0.0,0.875,0.625,0.125,0.125,0.625
Seq_942,0.0,0.25,0.75,0.25,0.5,0.25,0.125,0.25,0.25,0.0,0.75,0.5,0.125,0.125,0.375
Seq_943,0.0,0.125,0.875,0.375,0.5,0.375,0.0,0.0,0.125,0.0,0.875,0.5,0.0,0.125,0.5
Seq_944,0.0,0.0,1.0,0.875,0.125,0.0,0.0,0.25,0.0,0.0,1.0,0.25,0.0,0.0,0.75
Seq_945,0.0,0.125,0.875,0.375,0.5,0.25,0.0,0.375,0.125,0.0,0.875,0.5,0.0,0.0,0.375
Seq_946,0.0,0.125,0.875,0.5,0.375,0.25,0.0,0.125,0.125,0.0,0.875,0.5,0.0,0.0,0.375
Seq_947,0.0,0.0,1.0,0.25,0.75,0.625,0.125,0.125,0.0,0.0,1.0,0.75,0.125,0.125,0.75
Seq_948,0.125,0.125,0.75,0.25,0.5,0.25,0.0,0.25,0.125,0.125,0.75,0.375,0.125,0.0,0.375
Seq_949,0.0,0.0,1.0,0.375,0.375,0.25,0.0,0.125,0.0,0.0,1.0,0.375,0.25,0.125,0.625
Seq_950,0.0,0.125,0.875,0.125,0.5,0.5,0.0,0.0,0.125,0.0,0.875,0.625,0.25,0.0,0.75
Seq_951,0.0,0.5,0.5,0.25,0.25,0.25,0.0,0.0,0.5,0.0,0.5,0.5,0.0,0.0,0.625
Seq_952,0.0,0.625,0.375,0.375,0.0,0.0,0.0,0.125,0.625,0.0,0.375,0.125,0.0,0.0,0.375
Seq_953,0.125,0.375,0.5,0.125,0.375,0.375,0.0,0.0,0.375,0.125,0.5,0.5,0.125,0.0,0.375
Seq_954,0.0,0.125,0.875,0.25,0.625,0.5,0.0,0.125,0.125,0.0,0.875,0.875,0.0,0.0,0.5
Seq_955,0.0,0.125,0.875,0.125,0.75,0.5,0.0,0.125,0.125,0.0,0.875,0.75,0.0,0.125,0.5
Seq_956,0.0,0.125,0.875,0.125,0.75,0.625,0.0,0.125,0.125,0.0,0.875,0.875,0.0,0.0,0.625
Seq_957,0.0,0.125,0.875,0.125,0.75,0.5,0.0,0.125,0.125,0.0,0.875,0.75,0.0,0.125,0.375
Seq_958,0.125,0.0,0.875,0.125,0.625,0.625,0.0,0.0,0.0,0.125,0.875,0.75,0.25,0.0,0.5
Seq_959,0.0,0.25,0.75,0.125,0.625,0.5,0.0,0.0,0.25,0.0,0.75,0.75,0.0,0.125,0.5
Seq_960,0.125,0.25,0.625,0.125,0.5,0.375,0.0,0.0,0.25,0.125,0.625,0.625,0.125,0.125,0.25
Seq_961,0.0,0.0,1.0,0.25,0.625,0.5,0.0,0.125,0.0,0.0,1.0,0.75,0.125,0.0,0.375
Seq_962,0.0,0.125,0.875,0.375,0.5,0.5,0.125,0.0,0.125,0.0,0.875,0.625,0.125,0.0,0.625
Seq_963,0.0,0.375,0.625,0.125,0.5,0.125,0.125,0.0,0.375,0.0,0.625,0.625,0.125,0.375,0.375
Seq_964,0.0,0.375,0.625,0.25,0.375,0.375,0.0,0.0,0.375,0.0,0.625,0.5,0.0,0.0,0.375
Seq_965,0.0,0.0,1.0,0.375,0.625,0.375,0.0,0.0,0.0,0.0,1.0,0.75,0.0,0.25,0.625
Seq_966,0.0,0.125,0.875,0.5,0.375,0.375,0.0,0.125,0.125,0.0,0.875,0.5,0.0,0.0,0.5
Seq_967,0.0,0.375,0.625,0.125,0.5,0.5,0.0,0.0,0.375,0.0,0.625,0.625,0.0,0.0,0.5
Seq_968,0.0,0.125,0.875,0.25,0.625,0.5,0.0,0.125,0.125,0.0,0.875,0.75,0.0,0.0,0.75
Seq_969,0.0,0.125,0.875,0.125,0.625,0.5,0.0,0.0,0.125,0.0,0.875,0.75,0.125,0.125,0.625
Seq_970,0.0,0.375,0.625,0.125,0.5,0.375,0.0,0.125,0.375,0.0,0.625,0.5,0.0,0.0,0.375
Seq_971,0.0,0.0,1.0,0.25,0.75,0.75,0.0,0.125,0.0,0.0,1.0,0.75,0.0,0.0,0.625
Seq_972,0.125,0.25,0.625,0.375,0.25,0.25,0.0,0.0,0.25,0.125,0.625,0.375,0.125,0.125,0.5
Seq_973,0.0,0.375,0.625,0.125,0.5,0.5,0.0,0.0,0.375,0.0,0.625,0.625,0.0,0.0,0.625
Seq_974,0.0,0.125,0.875,0.0,0.875,0.75,0.0,0.125,0.125,0.0,0.875,0.5,0.0,0.0,0.75
Seq_975,0.125,0.375,0.5,0.0,0.5,0.375,0.0,0.125,0.375,0.125,0.5,0.5,0.125,0.0,0.5
Seq_976,0.0,0.25,0.75,0.0,0.75,0.75,0.0,0.0,0.25,0.0,0.75,0.5,0.0,0.0,0.5
Seq_977,0.0,0.375,0.625,0.125,0.5,0.5,0.0,0.0,0.375,0.0,0.625,0.5,0.0,0.0,0.25
Seq_978,0.0,0.0,1.0,0.125,0.75,0.625,0.0,0.125,0.0,0.0,1.0,0.75,0.125,0.0,0.625
Seq_979,0.0,0.125,0.875,0.0,0.875,0.5,0.125,0.375,0.125,0.0,0.875,0.875,0.125,0.0,0.375
Seq_980,0.125,0.125,0.75,0.25,0.5,0.5,0.0,0.125,0.125,0.125,0.75,0.5,0.125,0.0,0.5
Seq_981,0.125,0.125,0.75,0.125,0.625,0.625,0.0,0.125,0.125,0.125,0.75,0.5,0.125,0.0,0.5
Seq_982,0.125,0.0,0.875,0.125,0.75,0.75,0.0,0.0,0.0,0.125,0.875,0.75,0.125,0.0,0.5
Seq_983,0.0,0.125,0.875,0.375,0.5,0.5,0.0,0.0,0.125,0.0,0.875,0.625,0.0,0.0,0.625
Seq_984,0.0,0.125,0.875,0.0,0.75,0.625,0.0,0.125,0.125,0.0,0.875,0.625,0.125,0.0,0.5
Seq_985,0.0,0.25,0.75,0.125,0.625,0.625,0.125,0.125,0.25,0.0,0.75,0.625,0.125,0.0,0.625
Seq_986,0.0,0.25,0.75,0.0,0.625,0.5,0.0,0.125,0.25,0.0,0.75,0.625,0.125,0.0,0.5
Seq_987,0.0,0.125,0.875,0.125,0.625,0.5,0.0,0.0,0.125,0.0,0.875,0.5,0.125,0.125,0.5
Seq_988,0.0,0.375,0.625,0.25,0.375,0.25,0.0,0.125,0.375,0.0,0.625,0.375,0.0,0.0,0.5
Seq_989,0.0,0.375,0.625,0.375,0.25,0.125,0.0,0.25,0.375,0.0,0.625,0.375,0.0,0.0,0.375
Seq_990,0.0,0.125,0.875,0.25,0.5,0.375,0.0,0.125,0.125,0.0,0.875,0.625,0.125,0.0,0.625
Seq_991,0.0,0.0,1.0,0.25,0.75,0.625,0.0,0.0,0.0,0.0,1.0,0.75,0.0,0.125,0.5
Seq_992,0.0,0.125,0.875,0.25,0.625,0.375,0.0,0.25,0.125,0.0,0.875,0.75,0.0,0.0,0.375
Seq_993,0.0,0.125,0.875,0.0,0.75,0.625,0.0,0.125,0.125,0.0,0.875,0.75,0.125,0.0,0.5
Seq_994,0.0,0.25,0.75,0.125,0.5,0.375,0.125,0.125,0.25,0.0,0.75,0.625,0.25,0.125,0.5
Seq_995,0.0,0.125,0.875,0.375,0.375,0.25,0.0,0.25,0.125,0.0,0.875,0.375,0.125,0.0,0.375
Seq_996,0.0,0.25,0.75,0.25,0.375,0.375,0.0,0.125,0.25,0.0,0.75,0.5,0.125,0.125,0.5
Seq_997,0.0,0.25,0.75,0.125,0.625,0.5,0.125,0.125,0.25,0.0,0.75,0.625,0.125,0.125,0.625
Seq_998,0.125,0.25,0.625,0.25,0.375,0.25,0.0,0.125,0.25,0.125,0.625,0.25,0.125,0.125,0.25
Seq_999,0.0,0.125,0.875,0.375,0.375,0.375,0.0,0.25,0.125,0.0,0.875,0.375,0.125,0.0,0.5
Seq_1000,0.0,0.125,0.875,0.25,0.625,0.5,0.0,0.25,0.125,0.0,0.875,0.625,0.0,0.0,0.625
Seq_1001,0.0	,0.25	,0.75	,0.25	,0.5	,0.5	,0.0	,0.125	,0.25	,0.0	,0.75	,0.5	,0.0	,0.0	,0.5	
